championName,winCount,loseCount,kills,deaths,assists,goldEarned,goldSpent,KDA_ratio,CS_per_min,DMG_per_min,Vision_per_min,Gold_efficiency,DMG_Gold_ratio,CS_per_game,totalDamageDealtToChampions,totalDamageTaken,totalHeal,timeCCingOthers,totalGames,winRate,popularity_%,KDA_performance,DMG_per_death,DMG_taken_per_death,Heal_per_min,CC_per_min
Aatrox,10,20,3.9,5.5,4.7,10314.466666666667,9901.666666666666,1.9926190476190475,4.167378613989069,865.7506725033406,0.4634761013560539,0.9445792704717191,2.0116074284357257,103.66666666666667,21004.833333333332,33620.76666666667,14282.366666666667,23.033333333333335,30,33.333333333333336,0.9216589861751152,3.0999999999999996,3819.060606060606,6112.866666666668,16.49708989005903,0.026605042381003127
Ahri,10,7,6.647058823529412,5.647058823529412,7.235294117647059,14469.058823529413,14296.764705882353,3.284453781512605,3.418084539304374,1346.6985539172658,0.4251959855294331,0.9679196744032266,2.1861145959794865,93.88235294117646,33161.470588235294,27807.529411764706,8739.941176470587,43.23529411764706,17,58.8235294117647,0.522273425499232,8.235294117647058,5872.343749999999,4924.25,6.489901656943135,0.03210465622903105
Akali,5,16,5.666666666666667,5.761904761904762,4.285714285714286,11898.142857142857,11840.0,2.433956916099773,4.020296990177469,1182.9679026206115,0.3621211600550538,0.9406555240528838,2.3806589462425514,107.80952380952381,31093.571428571428,33474.57142857143,6265.238095238095,2.238095238095238,21,23.80952380952381,0.6451612903225806,4.190476190476191,5396.4049586776855,5809.636363636363,5.296202949681732,0.0018919323450257766
Akshan,9,5,7.857142857142857,6.357142857142857,4.642857142857143,14161.57142857143,14278.57142857143,2.1096088435374147,1.5867958826115383,1911.980678479744,0.1290415831580626,0.99539728947361,2.8906005783824456,28.214285714285715,42926.21428571428,32980.57142857143,11184.0,3.357142857142857,14,64.28571428571429,0.43010752688172044,6.142857142857143,6752.438202247191,5187.955056179775,5.849431495768374,0.0017558455976721438
Alistar,34,28,2.193548387096774,5.241935483870968,12.774193548387096,8512.661290322581,7904.193548387097,4.166716706232836,0.6516044679998951,440.6895760433818,2.115694196217544,0.9144322824123282,1.1742836793498124,17.112903225806452,11162.112903225807,27558.8064516129,11300.91935483871,67.83870967741936,62,54.83870967741935,1.9047619047619047,9.725806451612902,2129.3876923076923,5257.372307692307,25.643718320503773,0.1539376317599608
Ambessa,38,27,5.6461538461538465,4.523076923076923,5.1692307692307695,11700.246153846154,10958.984615384616,3.6025535575535574,5.559482228525256,1345.1846045095124,0.5801020631002846,0.9376416987422248,2.447768679668852,147.1846153846154,28729.938461538462,27194.23076923077,7159.846153846154,13.615384615384615,65,58.46153846153846,1.9969278033794162,6.292307692307693,6351.857142857143,6012.329931972789,5.322575154253131,0.010121573328851115
Amumu,3,6,4.222222222222222,6.444444444444445,8.11111111111111,15070.666666666666,16000.0,2.087698412698413,0.029185282884965455,1302.5449537611257,0.0,0.999068211053894,2.041900351813375,0.6666666666666666,30905.666666666668,44127.333333333336,7944.666666666667,63.666666666666664,9,33.333333333333336,0.2764976958525346,5.8888888888888875,4795.706896551724,6847.344827586207,6.099341634026739,0.048878671314051644
Anivia,1,6,4.285714285714286,7.571428571428571,8.142857142857142,13340.0,13360.714285714286,2.024489795918367,2.9475340499448626,1050.7453227696658,0.4095724618254444,1.0023804469695174,2.171615162627344,95.28571428571429,29510.85714285714,51812.0,5654.571428571428,64.71428571428571,7,14.285714285714286,0.21505376344086022,4.857142857142856,3897.6603773584907,6843.094339622642,5.3814861756096235,0.06158893531279772
Annie,17,12,5.689655172413793,5.379310344827586,7.758620689655173,12016.48275862069,11625.172413793103,3.791912972085386,4.743222469008284,1273.7580624520394,0.5887823167586984,0.9551089881917668,2.4166214220502287,108.65517241379311,30669.96551724138,21424.206896551725,3456.8275862068967,49.48275862068966,29,58.62068965517241,0.890937019969278,8.068965517241377,5701.467948717949,3982.7051282051284,2.713880828791265,0.03884784723201925
Aphelios,9,10,7.894736842105263,6.631578947368421,5.052631578947368,13521.368421052632,12815.78947368421,2.2985380116959067,5.238320294145324,1285.3018094435386,0.5949013543067425,0.9460437773495987,2.443311652824215,150.68421052631578,34488.84210526316,24601.21052631579,8161.736842105263,17.68421052631579,19,47.36842105263158,0.5837173579109063,6.315789473684209,5200.6984126984125,3709.7063492063494,6.350054735890261,0.013758799992643
Ashe,12,10,5.818181818181818,6.954545454545454,5.681818181818182,13029.454545454546,13050.227272727272,1.8993867243867244,3.4667173402707303,1316.046329279306,0.5917764587284041,0.9686328450870832,2.2739993759334927,83.5,31848.863636363636,25251.090909090908,5706.136363636364,50.72727272727273,22,54.54545454545455,0.6758832565284179,4.545454545454546,4579.575163398693,3630.875816993464,4.335817240386333,0.038545202853954255
AurelionSol,3,6,7.444444444444445,7.555555555555555,4.777777777777778,13001.222222222223,12633.333333333334,1.7574434824434824,0.6369003441292163,1435.6713095905898,0.09492515516611902,0.9600423034064062,2.7873212021605847,20.22222222222222,36996.333333333336,37184.0,11656.222222222223,29.11111111111111,9,33.333333333333336,0.2764976958525346,4.666666666666666,4896.573529411765,4921.411764705883,8.11900477801303,0.020277002762848776
Aurora,27,12,5.923076923076923,4.282051282051282,6.051282051282051,12457.0,12025.0,4.2871489621489625,5.588258468896222,1238.7488675977002,0.6702431577339313,0.942426851781187,2.275527394444458,140.74358974358975,32041.69230769231,27133.102564102563,8351.897435897436,10.948717948717949,39,69.23076923076923,1.1981566820276497,7.6923076923076925,7482.790419161677,6336.473053892216,6.742203891652576,0.008838529128144227
Azir,16,23,5.641025641025641,5.358974358974359,6.102564102564102,12727.923076923076,12021.153846153846,3.093285418285418,5.924610369903778,1806.873973496895,0.6627982930833013,0.9316311361904309,2.4901346418654113,165.46153846153845,32220.128205128207,23977.0,3985.7948717948716,18.692307692307693,39,41.02564102564103,1.1981566820276497,6.384615384615386,6012.368421052633,4474.177033492823,2.205906405348818,0.010345108716205555
Bard,10,23,2.757575757575758,5.848484848484849,10.090909090909092,8500.09090909091,7908.484848484848,3.0287999037999036,0.6984002192562982,681.7215554756624,2.2921928574211825,0.9166770362071157,1.6791648745732504,18.363636363636363,16743.18181818182,26038.727272727272,12301.121212121212,57.39393939393939,33,30.303030303030305,1.0138248847926268,7.000000000000001,2862.8238341968913,4452.21761658031,18.044201644083653,0.08418970902848086
Belveth,3,2,9.6,5.4,5.8,13093.6,12595.0,2.96,0.35705896171012447,1929.9298110360764,0.33450786939159033,0.9479380405193565,3.0466226727339394,58.6,45618.0,35523.4,16471.8,18.8,5,60.0,0.15360983102918588,9.999999999999998,8447.777777777777,6578.407407407407,8.534921791356323,0.009741286907168547
Blitzcrank,5,13,3.7222222222222223,6.722222222222222,9.0,11631.777777777777,11854.166666666666,2.317041446208113,0.29880087425706375,963.6628553544538,1.0026814412773153,0.9901567353812142,1.8902633510285831,9.666666666666666,24237.277777777777,31088.277777777777,5912.277777777777,78.66666666666667,18,27.77777777777778,0.5529953917050692,5.999999999999999,3605.5454545454545,4624.702479338843,6.1352139339262255,0.08163297592053764
Brand,10,1,9.0,6.454545454545454,9.727272727272727,20289.545454545456,20250.0,4.014813721631904,0.26850576886036764,1761.665679173133,0.2844492365048445,0.9508121974909476,2.14576266969562,50.63636363636363,44588.818181818184,40554.72727272727,13283.636363636364,91.54545454545455,11,90.9090909090909,0.3379416282642089,12.272727272727273,6908.126760563381,6283.12676056338,7.540384376376827,0.05196528241863855
Braum,10,16,1.7307692307692308,5.730769230769231,13.884615384615385,9637.884615384615,9185.0,3.754410866910867,0.6122976651277658,576.2998868210651,1.7038781583700042,0.9332325671524144,1.4124103308645315,15.884615384615385,14706.961538461539,33651.03846153846,7931.538461538462,63.23076923076923,26,38.46153846153846,0.7987711213517665,9.884615384615387,2566.3154362416108,5871.993288590604,13.76286659587896,0.10971851752315492
Briar,2,6,5.5,7.25,5.125,12089.375,12843.75,1.5607638888888888,0.009988937376509476,1274.9270795528475,0.0,1.0432590851448487,2.532479106002959,0.25,30870.375,35359.625,28003.75,59.25,8,25.0,0.2457757296466974,3.375,4257.982758620689,4877.189655172414,21.964981722579534,0.04647324615677677
Caitlyn,6,5,8.818181818181818,7.545454545454546,5.0,14667.818181818182,15056.818181818182,2.0146103896103895,1.5517294119747793,1813.0819855358948,0.24764535312621938,1.022520349252976,3.002989032044851,51.0,46030.90909090909,31380.18181818182,8235.90909090909,52.18181818181818,11,54.54545454545455,0.3379416282642089,6.2727272727272725,6100.481927710843,4158.819277108434,4.542491269899631,0.028780727290936454
Camille,2,7,3.4444444444444446,5.333333333333333,4.0,8709.222222222223,7822.111111111111,1.4824074074074074,2.832268639425488,865.622804534642,0.6075216312931593,0.8800034992778045,2.0877219593055742,68.11111111111111,20084.333333333332,27370.0,7331.888888888889,23.555555555555557,9,22.22222222222222,0.2764976958525346,2.1111111111111116,3765.8125,5131.875,8.47007362846743,0.02721226316145749
Cassiopeia,9,3,4.916666666666667,5.583333333333333,6.083333333333333,11396.25,10985.416666666666,3.402886002886003,5.519072609624243,978.5368140094796,0.5331740362029386,0.9442273331031235,2.096305188321571,142.83333333333334,24873.833333333332,26938.083333333332,8143.333333333333,29.666666666666668,12,75.0,0.3686635944700461,5.416666666666667,4455.014925373134,4824.731343283582,8.321948869727905,0.030317374105844598
Chogath,6,7,6.461538461538462,6.230769230769231,3.8461538461538463,13196.76923076923,13057.692307692309,1.592032967032967,0.014695162515754995,1297.967698987076,0.0,0.907320965605482,2.297668086685858,0.38461538461538464,32834.692307692305,55625.46153846154,9162.923076923076,135.76923076923077,13,46.15384615384615,0.39938556067588327,4.0769230769230775,5269.765432098765,8927.543209876543,7.059438446791666,0.10460139406796028
Corki,30,24,6.203703703703703,5.481481481481482,5.777777777777778,12583.185185185184,12120.277777777777,2.9312772618328173,6.475651405848778,1207.2969186283149,0.628522205334929,0.9515961532570173,2.2003854672667527,166.44444444444446,30867.87037037037,24017.462962962964,5732.5,1.3148148148148149,54,55.55555555555556,1.6589861751152073,6.499999999999999,5631.300675675675,4381.564189189189,4.748210578150941,0.0010890567138269994
Darius,7,9,7.6875,6.4375,4.125,13041.4375,13604.125,3.474618957431457,2.9072040834662984,1212.4344912342983,0.35383035714155187,1.031179558320073,2.249379933520689,81.4375,29767.0625,39339.625,13237.0,32.0,16,43.75,0.4915514592933948,5.375,4624.0097087378645,6111.0097087378645,10.917703262074223,0.026393178543958232
Diana,12,8,7.3,5.15,5.8,13707.2,13190.0,3.420734126984127,3.174426252047258,1283.6371545140767,0.5125284207909265,0.9455579976646152,2.1861262436025557,112.1,31418.15,26317.45,7614.4,9.75,20,60.0,0.6144393241167435,7.949999999999999,6100.611650485437,5110.184466019417,5.931894362221422,0.007595604385330278
DrMundo,4,6,5.5,5.0,4.8,12513.3,12573.5,2.0542857142857143,2.6011920509012763,1390.5799860872007,0.27181041089321695,0.9888728471975178,2.69656880316073,80.5,34628.7,64064.6,21260.9,21.7,10,40.0,0.30721966205837176,5.300000000000001,6925.74,12812.92,15.28923198429146,0.015604999508916586
Draven,5,8,5.615384615384615,4.923076923076923,5.076923076923077,12141.923076923076,11828.846153846154,3.5923076923076924,5.92925721098443,896.3299044280598,0.4620314859026736,0.9560377223537718,1.6357358639568405,141.30769230769232,21972.30769230769,22887.69230769231,8899.461538461539,10.615384615384615,13,38.46153846153846,0.39938556067588327,5.769230769230768,4463.125,4649.0625,9.928779007033361,0.01184316685513042
Ekko,6,15,6.0476190476190474,6.142857142857143,5.761904761904762,11696.190476190477,11378.095238095239,2.2386466707895276,0.7093015532807622,1011.1399428714378,0.361903574278635,0.9613738766322345,2.122220685698336,75.33333333333333,25511.190476190477,34549.857142857145,13914.952380952382,37.42857142857143,21,28.571428571428573,0.6451612903225806,5.666666666666667,4152.984496124031,5624.395348837209,13.761648403915945,0.03701621293120087
Elise,5,12,4.294117647058823,6.705882352941177,4.9411764705882355,9639.529411764706,9145.588235294117,1.9179505135387487,0.22652917687870489,986.5465097252139,0.6877749420964745,0.9258937436354961,2.281630282528745,18.941176470588236,24177.235294117647,26363.647058823528,7338.882352941177,39.35294117647059,17,29.41176470588235,0.522273425499232,2.5294117647058814,3605.377192982456,3931.4210526315787,7.438962360715563,0.03988959546107126
Evelynn,4,2,10.0,5.666666666666667,3.6666666666666665,13434.333333333334,13125.0,2.689880952380952,0.07263922518159807,1774.5138479201262,0.08716707021791768,0.9785820550097676,3.0030221489531095,38.666666666666664,42294.333333333336,33818.833333333336,11729.333333333334,15.0,6,66.66666666666667,0.18433179723502305,7.999999999999999,7463.705882352941,5968.029411764706,6.609885488964237,0.008453019410122505
Ezreal,13,23,5.583333333333333,5.833333333333333,4.888888888888889,11367.75,10975.138888888889,2.516082451499118,3.447004327456458,1228.0914172537234,0.3299332603112312,0.9319665843519146,2.4575248847122912,83.91666666666667,30830.916666666668,24894.61111111111,6283.055555555556,2.9722222222222223,36,36.111111111111114,1.1059907834101383,4.638888888888888,5285.3,4267.647619047619,5.116113888008288,0.0024201962333298857
FiddleSticks,7,8,5.4,5.8,6.066666666666666,11840.866666666667,11486.666666666666,3.336111111111111,0.6555819933392932,950.5946752693974,1.207395338811119,0.9471980197110111,1.8035533350535318,78.26666666666667,22582.6,34840.73333333333,15762.4,59.6,15,46.666666666666664,0.4608294930875576,5.666666666666667,3893.5517241379307,6007.022988505747,16.581620337325113,0.06269759504292345
Fiora,5,10,4.866666666666666,6.2,4.2,11664.6,11364.533333333333,1.7940740740740742,3.467434318024708,1143.3635289284211,0.5507645121187896,0.9252683509906107,2.214767308285228,89.26666666666667,28580.2,33491.8,15712.8,13.2,15,33.333333333333336,0.4608294930875576,2.8666666666666663,4609.709677419355,5401.903225806452,13.742610816637024,0.011544884602337503
Fizz,6,5,7.909090909090909,6.0,6.0,16055.727272727272,16359.09090909091,2.439177489177489,0.790553649053254,1475.1821926105674,0.05693680015183147,1.0028183900847827,2.136421296807618,12.727272727272727,36163.63636363636,37520.27272727273,14345.363636363636,30.272727272727273,11,54.54545454545455,0.3379416282642089,7.90909090909091,6027.272727272727,6253.378787878788,9.724469091493882,0.02052134809135332
Galio,24,23,4.468085106382978,5.276595744680851,8.72340425531915,11727.255319148937,11412.234042553191,3.5813998649105034,4.121648532052678,919.1450862762362,0.6520122978597839,0.9402708575328707,1.8917564192403917,110.02127659574468,23665.63829787234,30527.106382978724,5222.021276595745,48.340425531914896,47,51.06382978723404,1.443932411674347,7.914893617021278,4485.020161290323,5785.379032258065,5.681389537479766,0.05259281287980128
Gangplank,3,7,5.0,6.4,4.9,12761.8,12584.9,3.051511544011544,2.4225652692808937,1088.9617135723313,0.20553374116234924,0.9690358754026803,2.0792667517309646,63.2,26543.7,26308.3,7544.6,14.9,10,30.0,0.30721966205837176,3.5,4147.453125,4110.671875,6.928250925599572,0.01368275836908963
Garen,4,1,7.0,6.4,4.6,13098.4,13005.0,1.9674603174603174,1.470008040739748,1396.4315559718693,0.2036055143160127,0.9775868326107636,2.4359400425953868,23.6,36551.8,32678.6,10784.6,49.0,5,80.0,0.15360983102918588,5.199999999999999,5711.21875,5106.031249999999,7.722970706211434,0.035089439070930796
Gnar,6,4,3.5,5.6,6.0,11083.8,10708.4,2.1117063492063495,2.7483644926801185,1082.1727722365094,0.2829926588733267,0.9008364346818359,2.2037325482408328,72.0,26304.2,31003.0,7958.1,45.9,10,60.0,0.30721966205837176,3.9000000000000004,4697.178571428572,5536.25,7.353816510789788,0.04241466905985741
Gragas,3,16,2.789473684210526,5.7368421052631575,5.0,8763.631578947368,8464.473684210527,1.5246221614642668,2.7847584168003565,739.0880368229258,0.9023906324754162,0.9633555140072876,2.001771498389229,66.89473684210526,18371.78947368421,31973.36842105263,10725.368421052632,53.8421052631579,19,15.789473684210526,0.5837173579109063,2.052631578947368,3202.422018348624,5573.339449541285,14.511624984700255,0.07284938002055315
Graves,10,6,9.5,5.875,5.9375,15121.375,15260.9375,3.5395089285714283,0.36776229037207353,1910.2810765099678,0.23611959109358788,0.9863586787946096,3.118962552298237,54.375,48714.5625,35880.875,12331.9375,57.8125,16,62.5,0.4915514592933948,9.5625,8291.840425531915,6107.382978723404,6.455561776558096,0.030263870961660725
Gwen,6,17,4.130434782608695,6.434782608695652,3.5217391304347827,10552.434782608696,10028.695652173914,1.3798096830705526,5.949657280478622,701.5403654761153,0.7338004018561949,0.9525103884821595,1.735689989093798,177.7391304347826,18653.521739130436,29175.695652173912,7223.130434782609,7.043478260869565,23,26.08695652173913,0.706605222734255,1.2173913043478262,2898.8581081081084,4534.060810810811,10.29610096616533,0.010040018518520112
Hecarim,14,4,9.555555555555555,5.0,7.5,16006.611111111111,16189.166666666666,6.434126984126984,0.4364231510980375,1650.5299683868025,0.2797938127058059,0.9961056935068883,2.569728851515346,73.33333333333333,41348.72222222222,50783.38888888889,27814.222222222223,31.555555555555557,18,77.77777777777777,0.5529953917050692,12.055555555555557,8269.744444444445,10156.677777777779,16.851691732327243,0.01911843841672101
Heimerdinger,3,4,6.571428571428571,7.285714285714286,5.571428571428571,12703.857142857143,12833.57142857143,1.8712585034013607,0.9112343966712898,1590.3192630158785,0.08737864077669902,1.0030369599081865,3.1781583245175327,31.285714285714285,42329.857142857145,28182.285714285714,5500.857142857143,50.57142857142857,7,42.857142857142854,0.21505376344086022,4.857142857142857,5809.980392156863,3868.156862745098,3.458964039978569,0.03179954475023147
Hwei,8,6,7.071428571428571,6.142857142857143,8.0,14423.142857142857,14575.0,2.763548752834467,2.3269144103744397,1308.0598032675352,0.7073915787363244,0.9688292985546424,2.5574663151743713,66.0,35744.142857142855,23938.64285714286,4055.3571428571427,58.07142857142857,14,57.142857142857146,0.43010752688172044,8.928571428571427,5818.813953488371,3896.9883720930234,3.1002842016296617,0.04439508685028472
Illaoi,3,4,5.142857142857143,7.142857142857143,4.142857142857143,10050.857142857143,9464.285714285714,1.2287414965986394,0.20038201235934675,1543.2215325531768,0.0,0.875416124367869,3.14161575621902,4.714285714285714,33371.42857142857,48244.857142857145,15282.142857142857,9.857142857142858,7,42.857142857142854,0.21505376344086022,2.1428571428571432,4672.0,6754.28,9.90275377499391,0.006387380326941619
Irelia,12,8,5.1,5.3,4.55,11218.65,10861.0,2.2907806082806084,5.31735624449021,843.7399741330521,0.5110282512562541,0.8839180308511102,1.6855103708227586,131.2,21455.0,29596.5,11630.0,17.6,20,60.0,0.6144393241167435,4.349999999999999,4048.11320754717,5584.245283018868,13.783867490632876,0.020859507122539863
Ivern,5,5,3.6,4.0,10.5,11508.2,10855.0,4.112857142857143,1.2725602595677916,672.423840661312,0.6675249536496932,0.8944901562731784,1.3634999161815888,88.5,17172.2,22368.6,8090.9,62.3,10,50.0,0.30721966205837176,10.1,4293.05,5592.15,12.032440717810958,0.09264989762815296
Janna,7,2,2.2222222222222223,4.0,12.11111111111111,11370.222222222223,10775.0,5.738888888888889,0.706863347297961,573.6155494379071,1.3120677066863462,0.8942843268313734,1.0081191412493624,15.444444444444445,13648.0,23773.0,15738.333333333334,49.888888888888886,9,77.77777777777777,0.2764976958525346,10.333333333333332,3412.0,5943.25,27.437075840701176,0.08697269266458278
JarvanIV,15,6,6.0476190476190474,4.761904761904762,11.619047619047619,12596.619047619048,12646.42857142857,5.466364323507181,0.3496205132872296,964.9514298471278,0.6829926918035626,0.980617462806532,1.7562702950874602,91.76190476190476,24279.571428571428,41870.619047619046,17628.04761904762,30.714285714285715,21,71.42857142857143,0.6451612903225806,12.904761904761902,5098.71,8792.83,18.268326336218124,0.03182987740548933
Jax,13,18,5.741935483870968,5.645161290322581,4.225806451612903,11886.483870967742,11768.935483870968,2.2327986529599433,3.137197056809531,1125.3016811254538,0.3869272760204804,0.9752749981681691,2.196838473394384,86.0,27991.935483870966,37268.354838709674,11782.322580645161,25.903225806451612,31,41.935483870967744,0.9523809523809523,4.322580645161291,4958.5714285714275,6601.822857142856,10.47036788291407,0.02301891682996944
Jayce,21,15,4.861111111111111,5.555555555555555,6.5,11707.75,11177.361111111111,3.5468364197530864,6.767221072281053,978.7857070753164,0.8302495215441906,0.9538791211796482,2.147996734029286,181.58333333333334,25734.972222222223,21471.305555555555,3432.1388888888887,16.666666666666668,36,58.333333333333336,1.1059907834101383,5.805555555555555,4632.295,3864.835,3.506527388047351,0.017027901558215323
Jhin,28,23,7.705882352941177,5.431372549019608,7.0588235294117645,14193.372549019608,14054.411764705883,3.5866720425543956,4.650970662275659,1298.9104606029725,0.4720720231437561,0.9846587000135542,2.236476240235977,137.72549019607843,35497.17647058824,24910.823529411766,7306.078431372549,40.745098039215684,51,54.90196078431372,1.566820276497696,9.333333333333334,6535.581227436824,4586.4693140794225,5.624774495988711,0.03136867341902939
Jinx,10,10,7.6,6.2,5.45,13407.3,12980.0,3.406502525252525,3.196304040725109,1342.5227515135027,0.32686554757819114,0.9351928087319443,2.192797415248674,83.1,31839.25,23982.55,5303.95,24.15,20,50.0,0.6144393241167435,6.8500000000000005,5135.362903225806,3868.1532258064512,3.95073379130488,0.01798852196193645
KSante,10,7,3.823529411764706,4.294117647058823,6.823529411764706,10701.0,9979.411764705883,3.193417366946779,6.005461849938147,824.6177223235782,0.5162716216098316,0.9194249573556517,1.933702794220425,153.11764705882354,21545.529411764706,31203.058823529413,5980.411764705882,43.0,17,58.8235294117647,0.522273425499232,6.352941176470588,5017.452054794521,7266.465753424658,7.252344453445037,0.05214537456075543
Kaisa,39,35,7.77027027027027,5.0,6.351351351351352,12974.283783783783,12084.621621621622,4.548253285753286,6.448685252656399,1032.5004652616637,0.6581012947457726,0.9281853448965368,2.016523909126615,177.22972972972974,27335.405405405407,21097.891891891893,5415.040540540541,2.391891891891892,74,52.7027027027027,2.273425499231951,9.121621621621621,5467.081081081082,4219.578378378379,5.244588959258456,0.0023166012727032733
Kalista,1,7,4.75,7.375,4.125,10624.5,10371.875,1.3628472222222223,2.088639025775175,1046.9291994829832,0.3882584163873301,0.950846546538647,2.3461534058072893,60.875,25738.375,22354.125,4490.0,11.75,8,12.5,0.2457757296466974,1.5,3489.9491525423728,3031.0677966101694,4.288733184839383,0.011223299537163195
Karma,14,14,3.9642857142857144,5.714285714285714,9.464285714285714,11104.5,11391.964285714286,2.794756235827664,0.6496505424279287,929.9699852262208,1.1479840644666257,0.9941201905566132,1.9208503732497195,17.785714285714285,23751.5,34503.42857142857,16262.714285714286,69.14285714285714,28,50.0,0.8602150537634409,7.714285714285713,4156.5125,6038.1,17.487353940523448,0.07434955777205833
Karthus,7,7,9.714285714285714,7.857142857142857,5.142857142857143,14126.642857142857,14669.642857142857,2.0744009958295675,0.9763052755532662,2136.7486925101693,0.22692411978419225,1.0102196223297684,3.5127614673757344,37.642857142857146,52173.07142857143,46985.92857142857,8575.57142857143,24.785714285714285,14,50.0,0.43010752688172044,7.000000000000001,6640.209090909091,5980.027272727273,4.013373897749847,0.011599732983384672
Kassadin,4,2,7.666666666666667,5.833333333333333,4.5,15206.166666666666,15916.666666666666,2.1222222222222222,0.0065832784726793945,1684.9377723531452,0.0,1.0284319686305656,2.3918321476870092,0.16666666666666666,40027.333333333336,44034.833333333336,12246.0,15.0,6,66.66666666666667,0.18433179723502305,6.333333333333335,6861.828571428572,7548.828571428572,7.267924193365028,0.00890240592033933
Katarina,4,6,7.8,7.7,4.6,14276.3,14080.0,1.7435606060606061,1.8288534158664205,1481.1343355884846,0.16025140118949666,0.9767732635487405,2.616825038412181,48.7,37401.3,32947.3,9330.0,5.9,10,40.0,0.30721966205837176,4.699999999999998,4857.311688311688,4278.87012987013,6.29922605655685,0.003983433411970569
Kayle,4,1,7.0,6.8,7.4,15879.0,15115.0,2.4050000000000002,1.7117117117117118,1527.5903396244853,0.21621621621621623,0.9082431376895113,2.8139268745696766,61.8,39014.2,37279.6,15949.6,18.6,5,80.0,0.15360983102918588,7.6000000000000005,5737.382352941177,5482.294117647059,10.441019156955887,0.01217603929373649
Kayn,4,1,10.0,7.4,5.6,16526.4,17150.0,2.1783333333333337,0.038634900193174504,2833.9351818891764,0.0,1.0257278869754352,3.8901283577572707,1.0,68425.0,59536.2,28395.8,62.8,5,80.0,0.15360983102918588,8.2,9246.621621621622,8045.432432432432,10.019918656385995,0.02215999871886126
Kennen,6,9,7.466666666666667,8.533333333333333,6.333333333333333,14232.133333333333,13817.666666666666,1.7395815928710665,3.345804031523111,1334.9695071458564,0.698451308362887,0.9640093289766271,2.584294504726898,99.0,37161.46666666667,35296.666666666664,8879.8,53.86666666666667,15,40.0,0.4608294930875576,5.2666666666666675,4354.859375,4136.328125,6.65168751231245,0.04035048469521431
Khazix,6,3,7.444444444444445,6.666666666666667,4.111111111111111,14074.444444444445,14277.777777777777,1.7303350970017637,0.0049382716049382715,1701.3382454242842,0.0,0.996445127937992,2.8244740140374014,0.1111111111111111,40095.88888888889,29834.666666666668,7617.111111111111,31.77777777777778,9,66.66666666666667,0.2764976958525346,4.888888888888888,6014.383333333333,4475.2,4.477129184391864,0.018678106992094892
Kindred,5,8,6.923076923076923,7.076923076923077,4.615384615384615,11892.615384615385,11521.461538461539,2.1927045177045175,0.39549416624146555,1184.5455725130655,0.5436248890270827,0.9686234019315998,2.326997685149984,75.61538461538461,29253.153846153848,28026.23076923077,12845.76923076923,7.230769230769231,13,38.46153846153846,0.39938556067588327,4.461538461538462,4133.597826086957,3960.2282608695655,10.844470258342502,0.006104255841697028
Kled,2,3,4.4,7.4,5.6,11283.4,11180.0,1.491948051948052,2.5350264617368303,858.8707580677798,0.29358656277495504,0.9854789141831592,1.9623191340335056,65.2,22065.6,41316.0,6471.0,18.6,5,40.0,0.15360983102918588,2.5999999999999996,2981.8378378378375,5583.243243243243,7.53431169848878,0.021656343315081334
KogMaw,3,3,10.833333333333334,7.0,3.6666666666666665,16779.666666666668,16541.666666666668,2.5049603174603177,0.0,2108.7376415459225,0.0,0.9666598489906685,3.2980698499136647,0.0,51001.0,33425.5,7158.666666666667,13.333333333333334,6,50.0,0.18433179723502305,7.5,7285.857142857143,4775.071428571428,3.3947640169303495,0.006322898150363847
Leblanc,9,11,7.9,4.8,4.55,11361.8,11187.75,3.464367299367299,3.7080930984456337,1263.7844103154516,0.4897297918115296,0.9539679291751106,2.5352014450394424,85.9,31286.6,24664.85,4910.2,26.4,20,45.0,0.6144393241167435,7.6499999999999995,6518.041666666667,5138.510416666667,3.8853145836593845,0.02088963891666485
LeeSin,26,25,7.0588235294117645,5.254901960784314,7.607843137254902,11900.058823529413,11055.78431372549,4.334259259259259,1.2323137062653318,945.207618571739,0.7917862804607635,0.9157731746256763,1.9553719575190625,121.62745098039215,24263.156862745098,36535.96078431373,17400.764705882353,28.058823529411764,51,50.98039215686274,1.566820276497696,9.411764705882351,4617.242537313433,6952.73880597015,18.409463025886176,0.029685354813168138
Leona,15,12,2.5185185185185186,6.185185185185185,12.296296296296296,9417.925925925925,9168.518518518518,3.0361431778098447,0.6626592426373625,647.5115921860269,1.968410451323211,0.9451695851480972,1.5835967483944542,16.40740740740741,16473.703703703704,29107.25925925926,6572.074074074074,75.62962962962963,27,55.55555555555556,0.8294930875576036,8.62962962962963,2663.4131736526947,4705.964071856288,10.149739639234056,0.11680042572566271
Lillia,8,2,8.2,5.8,5.5,15991.2,16755.0,3.2078896103896106,0.08881764787052335,1569.0564835015532,0.16186688288993584,1.0029975845147059,2.3585046780718537,23.6,39411.0,44034.2,17472.1,32.3,10,80.0,0.30721966205837176,7.8999999999999995,6795.0,7592.103448275861,11.13541812147434,0.02058561966355625
Lissandra,11,4,6.6,5.066666666666666,8.133333333333333,15207.933333333332,14911.666666666666,4.690714285714285,2.3835074582300337,1267.3979885619672,0.422547211017339,0.9535248925942492,2.081127197889261,61.06666666666667,31368.466666666667,29058.266666666666,8356.933333333332,81.93333333333334,15,73.33333333333333,0.4608294930875576,9.666666666666666,6191.144736842106,5735.184210526316,6.59377197119856,0.06464688603956022
Lucian,16,25,5.585365853658536,5.121951219512195,5.146341463414634,15904.707317073171,13163.414634146342,2.572475627353676,4.187194240961505,9129.622934949597,0.46613175165447723,0.8828120145964097,2.9112792961593397,103.4390243902439,52994.34146341463,19567.341463414636,5112.8536585365855,1.5365853658536586,41,39.02439024390244,1.2596006144393241,5.609756097560974,10346.514285714286,3820.2904761904765,0.5600290061228923,0.00016830764827881052
Lulu,14,17,2.161290322580645,5.354838709677419,12.709677419354838,10311.354838709678,9951.129032258064,4.2796210957501275,1.734486331045947,482.1949115009872,1.3307603060885052,0.9341903383345658,1.239925464906934,49.87096774193548,12740.451612903225,24518.032258064515,9191.645161290322,45.064516129032256,31,45.16129032258065,0.9523809523809523,9.516129032258064,2379.240963855422,4578.668674698795,19.062094895772255,0.09345705451091223
Lux,8,1,10.11111111111111,5.888888888888889,8.333333333333334,19081.555555555555,19777.777777777777,3.58994708994709,0.018400693527786578,2204.363473687632,0.0,1.0123995706185842,2.9930163583417646,0.4444444444444444,58087.11111111111,31875.333333333332,6679.0,144.0,9,88.88888888888889,0.2764976958525346,12.555555555555554,9863.849056603773,5412.792452830188,3.029899596742476,0.06532498007649597
Malphite,3,4,5.285714285714286,6.142857142857143,7.714285714285714,14839.42857142857,15035.714285714286,2.109863945578231,0.008545791197835067,1968.6513957708044,0.0,1.0033484363262137,2.8443768664495863,0.14285714285714285,40849.28571428572,37240.857142857145,8406.857142857143,49.57142857142857,7,42.857142857142854,0.21505376344086022,6.857142857142857,6649.883720930233,6062.46511627907,4.270363539688818,0.025180399474442963
Malzahar,2,5,6.714285714285714,7.428571428571429,5.0,12519.714285714286,11750.0,1.7020408163265306,0.01187916026625704,1585.1835212616481,0.0,0.935912779288901,2.9462236352244973,0.2857142857142857,36706.142857142855,29642.571428571428,5592.428571428572,82.71428571428571,7,28.571428571428573,0.21505376344086022,4.2857142857142865,4941.211538461538,3990.3461538461534,3.527937615057691,0.052179627535147086
Maokai,4,6,4.5,5.0,6.8,11711.0,11800.0,3.5833333333333335,0.09607778262373481,913.8255521892121,0.2768411712511091,0.9872934095726823,1.7048863117016595,2.1,21507.9,54361.9,24566.6,118.1,10,40.0,0.30721966205837176,6.300000000000001,4301.58,10872.380000000001,26.883249150942284,0.12923692023830255
MasterYi,7,11,6.777777777777778,6.944444444444445,3.9444444444444446,13399.444444444445,13369.444444444445,2.7122134038800705,0.1915390833085253,1345.8983917987853,0.13887478143256582,0.9724777803004591,2.3641092920415705,23.38888888888889,32357.222222222223,29403.333333333332,8299.833333333334,3.3333333333333335,18,38.888888888888886,0.5529953917050692,3.777777777777777,4659.44,4234.08,6.166760718274324,0.0024766604623684507
Mel,4,4,8.875,6.625,5.75,14660.5,14468.75,2.5438492063492064,0.14285496681536286,1424.2076848294084,0.3385714285714286,0.9094368283723324,2.414141996659181,4.125,36741.875,26637.75,4474.375,110.125,8,50.0,0.2457757296466974,8.0,5545.943396226415,4020.7924528301887,3.141659076594535,0.07732369455174705
Milio,2,5,1.1428571428571428,6.285714285714286,8.142857142857142,10205.142857142857,10225.0,1.8197278911564625,0.2635098316384358,517.9818933189924,0.7099302616169554,0.982001451575105,1.2238955592145229,6.714285714285714,12390.285714285714,27307.285714285714,21284.0,43.714285714285715,7,28.571428571428573,0.21505376344086022,2.999999999999999,1971.1818181818182,4344.340909090909,41.0902393974079,0.08439346293397333
MissFortune,9,10,5.2631578947368425,5.052631578947368,3.4210526315789473,10181.842105263158,9511.842105263158,1.8273809523809523,4.731069719999596,1071.6485805055813,0.5273941491377236,0.9186236734505443,2.2053888065791476,110.73684210526316,24767.42105263158,20575.157894736843,6614.263157894737,5.894736842105263,19,47.36842105263158,0.5837173579109063,3.6315789473684212,4901.885416666667,4072.166666666667,6.172044901859774,0.005500624877722742
MonkeyKing,10,13,4.739130434782608,4.043478260869565,4.956521739130435,9970.478260869566,9768.608695652174,3.645652173913043,1.097848209617052,684.509815564112,0.755211463518565,0.9480129251681105,1.4721876328009638,114.65217391304348,16960.304347826088,27633.0,9600.95652173913,13.173913043478262,23,43.47826086956522,0.706605222734255,5.652173913043478,4194.483870967742,6833.967741935484,14.026031918661205,0.019245762067884295
Mordekaiser,1,5,2.6666666666666665,7.5,3.5,8845.833333333334,7833.333333333333,0.9049857549857551,0.005665722379603399,787.1310906042528,0.0,0.8383635530159009,1.9858722721205504,0.16666666666666666,18632.666666666668,28563.333333333332,7630.166666666667,6.833333333333333,6,16.666666666666668,0.18433179723502305,-1.333333333333334,2484.355555555556,3808.4444444444443,9.693641577299731,0.008681315494840414
Morgana,7,2,6.111111111111111,5.111111111111111,8.11111111111111,12258.888888888889,11730.555555555555,3.587962962962963,1.704794140767059,1149.4225667923847,0.3173921560379884,0.9410959888901841,2.166865493473122,69.55555555555556,29911.444444444445,29850.333333333332,10980.888888888889,111.0,9,77.77777777777777,0.2764976958525346,9.11111111111111,5852.239130434783,5840.282608695652,9.553395945176636,0.09657022857116869
Naafiri,6,11,6.705882352941177,5.0,6.0,11329.470588235294,10755.117647058823,4.060364145658263,1.395707175650539,932.1465726097169,0.6024731593776126,0.9532593379348451,1.9602201194238196,104.88235294117646,22578.58823529412,25569.823529411766,10413.058823529413,5.176470588235294,17,35.294117647058826,0.522273425499232,7.7058823529411775,4515.717647058824,5113.964705882353,11.171053061297137,0.005553279645434737
Nami,1,3,4.5,6.0,6.5,13110.0,13625.0,2.020833333333333,0.01893615826566295,1202.1700058725503,0.0,1.0177415672519061,2.273395795011475,0.5,28930.5,28216.75,22191.75,86.5,4,25.0,0.1228878648233487,5.0,4821.75,4702.791666666667,18.45974354009352,0.0719532175794198
Nasus,3,3,5.666666666666667,6.0,5.333333333333333,12599.333333333334,12766.666666666666,2.005952380952381,0.006430868167202571,1172.3105583380363,0.0,0.9684311906360209,2.157644377571611,0.16666666666666666,29423.166666666668,49503.166666666664,19030.666666666668,34.166666666666664,6,50.0,0.18433179723502305,5.0,4903.861111111111,8250.527777777777,16.23346862425781,0.029144723148364488
Nautilus,20,18,2.6315789473684212,5.605263157894737,11.81578947368421,9000.263157894737,8582.236842105263,3.3095864661654133,0.812095237449238,570.3289760887312,2.144562399545292,0.9345229818640728,1.4163045515655863,20.86842105263158,14320.78947368421,25659.815789473683,4523.973684210527,84.05263157894737,38,52.63157894736842,1.1674347158218126,8.842105263157894,2554.882629107981,4577.807511737089,7.932217849486734,0.14737569911908271
Neeko,22,9,3.193548387096774,4.870967741935484,9.516129032258064,7843.064516129032,7513.709677419355,2.793752036493972,1.1570838576306133,686.7410378255297,2.3705872271935373,0.9371505543319548,1.8992933499744646,29.451612903225808,16724.129032258064,20529.064516129034,3916.1612903225805,43.645161290322584,31,70.96774193548387,0.9523809523809523,7.838709677419354,3433.4304635761587,4214.576158940397,5.70252988334957,0.06355403112142378
Nidalee,16,11,6.777777777777778,4.2592592592592595,6.925925925925926,11871.333333333334,11405.962962962964,4.245194003527337,2.304402763247564,942.4269010755393,0.8767522255757413,0.9434489671127109,1.886329510734175,142.1851851851852,24118.222222222223,34396.555555555555,20233.62962962963,6.0,27,59.25925925925926,0.8294930875576036,9.444444444444443,5662.539130434782,8075.71304347826,21.46970720650919,0.00636654152502707
Nilah,3,2,9.2,5.2,5.0,15328.6,15295.0,2.8080952380952384,1.5093399750933998,1447.8189521327492,0.1793275217932752,0.9507576250666545,2.35018948205425,40.4,36491.0,32991.6,11587.8,9.6,5,60.0,0.15360983102918588,9.0,7017.5,6344.538461538461,8.003625027100435,0.006630663306250038
Nocturne,1,6,3.857142857142857,7.142857142857143,3.4285714285714284,10890.42857142857,10146.42857142857,0.9053030303030303,2.0441544523149884,677.7431920516659,0.22567552629186574,0.9440491668890651,1.5651675309859254,72.57142857142857,18174.85714285714,25964.0,8763.0,98.0,7,14.285714285714286,0.21505376344086022,0.14285714285714235,2544.4799999999996,3634.9599999999996,12.929676170516187,0.14459754247524664
Nunu,1,4,5.8,5.6,8.4,15792.6,15400.0,2.85,0.04945506080368953,1618.6703863060845,0.0,0.9554438196299392,2.7846365901789545,1.2,40770.4,69550.6,42181.4,63.8,5,20.0,0.15360983102918588,8.6,7280.4285714285725,12419.750000000002,26.05928937531304,0.039415065932969784
Olaf,6,5,6.0,6.0,3.909090909090909,12173.818181818182,11790.90909090909,1.8611832611832613,3.266650247623686,1450.9954507898883,0.32629312606835326,0.9520322190378454,2.5452070729114715,77.36363636363636,35786.36363636364,41485.09090909091,21469.090909090908,17.454545454545453,11,54.54545454545455,0.3379416282642089,3.90909090909091,5964.39393939394,6914.181818181819,14.79611179856121,0.012029359185822121
Orianna,17,19,5.0,5.472222222222222,8.527777777777779,12300.25,11708.611111111111,3.717423548673549,5.574330245084412,1152.5788032114879,0.621340321475699,0.9415274442956325,2.2677339000996484,145.52777777777777,29663.222222222223,23673.13888888889,3944.75,34.361111111111114,36,47.22222222222222,1.1059907834101383,8.055555555555557,5420.690355329949,4326.055837563452,3.422542553280128,0.02981237466398743
Ornn,4,4,4.125,5.0,7.875,12603.375,13246.875,3.3904761904761904,0.939506227906197,1133.6127330587333,0.08456659619450317,0.9033159936695234,2.1972249282782927,22.25,26128.0,39517.25,8256.5,65.625,8,50.0,0.2457757296466974,7.0,5225.6,7903.45,7.283351500227217,0.05789014015653256
Pantheon,20,19,7.128205128205129,5.589743589743589,7.948717948717949,11621.564102564103,10817.564102564103,4.7177183927183926,1.1560415393362435,906.0884566283343,1.0689165509562255,0.9238226391725649,1.9361618940498617,119.12820512820512,23716.384615384617,34017.46153846154,13133.153846153846,30.05128205128205,39,51.282051282051285,1.1981566820276497,9.487179487179487,4242.839449541285,6085.69266055046,14.49433965313267,0.03316594735475004
Poppy,23,14,3.4864864864864864,4.405405405405405,10.135135135135135,9095.972972972973,8546.621621621622,5.199603174603174,1.2721146730979693,709.8022385582417,2.1047779397456163,0.9237213861082321,1.7367830226795167,39.32432432432432,17856.702702702703,26885.0,6462.27027027027,43.83783783783784,37,62.16216216216216,1.1367127496159755,9.216216216216216,4053.3619631901843,6102.730061349694,9.104325006633546,0.061760636211688695
Pyke,16,17,7.0606060606060606,6.424242424242424,7.696969696969697,11564.09090909091,11157.575757575758,3.5514550264550264,0.7330198527156279,923.7106696128976,2.1932705624888924,0.9451485313782181,1.7200123023762457,19.484848484848484,23320.909090909092,26569.454545454544,9345.484848484848,46.09090909090909,33,48.484848484848484,1.0138248847926268,8.333333333333334,3630.1415094339627,4135.811320754717,10.117329111724226,0.049897560575136106
Qiyana,12,22,6.4411764705882355,5.911764705882353,5.764705882352941,11614.058823529413,10847.058823529413,3.3832049486461253,1.3310887543510885,810.2858717598411,0.8690360538235957,0.9351194757491296,1.8108138559870721,153.52941176470588,21438.617647058825,29301.70588235294,10587.911764705883,21.647058823529413,34,35.294117647058826,1.044546850998464,6.294117647058824,3626.4328358208954,4956.507462686567,13.066884335167096,0.026715335387145114
Quinn,3,3,7.333333333333333,8.0,3.6666666666666665,14142.666666666666,14391.666666666666,1.4396825396825397,1.1261278995385258,1619.396497550654,0.26329139132921525,0.9946804314242876,2.617252289887284,42.833333333333336,40435.333333333336,34990.5,9986.666666666666,51.0,6,50.0,0.18433179723502305,3.0,5054.416666666667,4373.8125,6.166906425802176,0.031493213723222065
Rakan,18,15,1.0606060606060606,6.2727272727272725,14.181818181818182,8535.636363636364,7873.484848484848,3.0958633958633963,0.8080900791195529,358.82175069521054,2.612409757127327,0.9101066681993476,1.0544647033803243,21.333333333333332,9314.151515151516,26594.424242424244,11776.363636363636,38.696969696969695,33,54.54545454545455,1.0138248847926268,8.969696969696969,1484.864734299517,4239.690821256039,32.81953675758827,0.10784454850352586
Rammus,5,4,5.222222222222222,6.666666666666667,7.555555555555555,13331.222222222223,13025.0,2.1954585537918874,0.13449418602658697,1045.9112966007635,0.336289726533629,0.9738066158131251,1.7924223696287431,4.0,24881.88888888889,43714.88888888889,7856.666666666667,111.44444444444444,9,55.55555555555556,0.2764976958525346,6.111111111111112,3732.2833333333333,6557.233333333334,7.511790619530566,0.10655248184682728
RekSai,10,4,5.571428571428571,5.571428571428571,8.642857142857142,14910.357142857143,15116.07142857143,3.2460230245944532,1.2448083720849605,1154.9853436432775,0.3242882937594337,0.9914055529197919,2.0088299851699367,55.214285714285715,29446.35714285714,49833.71428571428,25574.285714285714,42.0,14,71.42857142857143,0.43010752688172044,8.642857142857142,5285.24358974359,8944.51282051282,22.142519690868433,0.03636409780535873
Rell,21,24,2.4,5.822222222222222,12.355555555555556,8922.555555555555,8558.0,3.7011311527978195,0.7440978301803522,543.0891505737459,2.1167686557791026,0.9405328105565652,1.3564201579559727,19.08888888888889,13745.177777777777,25860.644444444446,6519.266666666666,49.84444444444444,45,46.666666666666664,1.3824884792626728,8.933333333333334,2360.812977099237,4441.713740458015,12.00404511815306,0.09177948849058454
Renata,3,4,7.142857142857143,6.142857142857143,6.142857142857143,13626.857142857143,14367.857142857143,2.1122448979591835,0.36799616945536534,1947.7789121603885,0.7871174368267392,1.0315863957308051,2.9281620185070665,8.142857142857142,48010.71428571428,43259.57142857143,15506.42857142857,55.857142857142854,7,42.857142857142854,0.21505376344086022,7.142857142857143,7815.697674418604,7042.255813953488,7.961082479442977,0.02867735270590266
Renekton,12,13,4.48,4.84,5.44,11153.56,10974.0,2.755698412698413,5.634825936548062,907.9910495038717,0.5735969637924173,0.9648650084334542,1.9007557520541425,135.64,22782.48,32638.64,9352.2,28.76,25,48.0,0.7680491551459293,5.080000000000002,4707.123966942148,6743.520661157025,10.299881265470692,0.031674321036220046
Rengar,7,6,8.076923076923077,6.230769230769231,4.769230769230769,13216.23076923077,12259.615384615385,3.547252747252747,0.9554498514755694,1153.812301960377,0.5236798283340016,0.9195253477297217,1.9609869082267661,96.15384615384616,28296.153846153848,34971.38461538462,15904.076923076924,18.384615384615383,13,53.84615384615385,0.39938556067588327,6.615384615384616,4541.358024691358,5612.691358024692,13.783937730647532,0.015933800803977497
Riven,6,4,5.9,6.3,4.1,10695.1,10902.5,1.6544444444444444,1.9529926129334627,1420.8984957519867,0.17616335243842846,0.9861106018713526,2.8856831992769543,40.6,32487.0,28247.5,8213.4,48.9,10,60.0,0.30721966205837176,3.7,5156.666666666667,4483.730158730159,5.780426979517066,0.03441484394993359
Rumble,10,17,4.296296296296297,4.962962962962963,4.814814814814815,9553.925925925925,8819.25925925926,1.9958553791887126,6.026676867382391,802.7879333290933,0.6601543155384675,0.9029513675473845,2.1250490538981506,150.55555555555554,21746.37037037037,21143.037037037036,2704.740740740741,14.407407407407407,27,37.03703703703704,0.8294930875576036,4.148148148148148,4381.731343283582,4260.164179104478,3.3691845983837982,0.017946716448092478
Ryze,18,16,5.852941176470588,4.882352941176471,6.117647058823529,12338.70588235294,11761.617647058823,3.6437324929971986,5.284537471384109,1164.8924999770554,0.5769248910944058,0.934639825184151,2.2569185683874373,140.85294117647058,28775.176470588234,29347.441176470587,5669.205882352941,28.794117647058822,34,52.94117647058823,1.044546850998464,7.088235294117645,5893.710843373493,6010.921686746988,4.866720218788091,0.024718261683053133
Samira,2,3,6.6,8.0,5.0,11949.4,12700.0,1.4055555555555554,0.009273570324574962,1300.5742159373435,0.0,1.0574849902561483,2.492410112454384,0.2,30062.0,29900.8,7285.2,3.8,5,40.0,0.15360983102918588,3.5999999999999996,3757.75,3737.6,5.601525780479545,0.0029217863566988233
Sejuani,3,5,5.0,5.25,5.25,11225.125,10962.5,2.294642857142857,0.19871979640931842,1142.4873331270228,0.10894495412844037,0.9622462546645895,2.5427176186437475,18.375,28811.625,40686.5,10495.125,49.5,8,37.5,0.2457757296466974,5.0,5487.928571428572,7749.809523809524,9.186206880101263,0.043326519747503005
Senna,18,17,4.914285714285715,4.6,9.857142857142858,11537.228571428572,10822.0,3.963367346938776,4.591978703999532,926.0458209737848,0.9576352220488431,0.9106800126544595,1.904183795116718,119.45714285714286,23895.77142857143,20246.02857142857,11317.57142857143,39.31428571428572,35,51.42857142857143,1.075268817204301,10.171428571428573,5194.732919254659,4401.310559006211,12.221394635386856,0.04245393135400657
Seraphine,4,4,6.75,5.625,7.25,12849.375,12568.75,3.8981646825396825,2.10709315879498,1248.0513039697228,0.39698721351541044,0.9525924041739366,2.2755423334998763,46.0,31805.25,23661.375,8294.125,75.375,8,50.0,0.2457757296466974,8.375,5654.266666666666,4206.466666666666,6.645660297472204,0.06039415187520895
Sett,4,7,3.727272727272727,6.2727272727272725,8.0,10476.636363636364,9959.545454545454,2.260858585858586,1.3867274106007088,875.4816760630088,0.8249139084967257,0.9164458165728337,2.0592422601560867,49.63636363636363,23128.18181818182,41111.454545454544,8150.0,34.18181818181818,11,36.36363636363637,0.3379416282642089,5.454545454545454,3687.101449275363,6554.0,9.309161142755249,0.03904344216035665
Shaco,7,8,6.6,6.8,4.466666666666667,11857.2,11955.0,2.5417460317460314,0.0788001855514493,1094.845721181385,0.13663134294834986,0.9938757624978583,2.2668224479140098,23.933333333333334,26692.133333333335,25975.466666666667,6824.4,49.266666666666666,15,46.666666666666664,0.4608294930875576,4.266666666666667,3925.3137254901962,3819.921568627451,6.233206987954597,0.0449987296963684
Shen,7,12,3.8947368421052633,5.368421052631579,8.526315789473685,10957.842105263158,10587.894736842105,3.0013366750208856,3.1642115073863533,895.9086614567036,0.6973491243563349,0.9554714279385285,2.0643536948240278,83.42105263157895,22348.157894736843,35717.78947368421,7676.210526315789,44.26315789473684,19,36.8421052631579,0.5837173579109063,7.05263157894737,4162.892156862746,6653.313725490197,8.568072680349632,0.049405882317028964
Shyvana,0,1,3.0,3.0,1.0,6649.0,6400.0,1.3333333333333333,1.6099071207430342,600.8049535603716,0.7430340557275542,0.9625507595127086,1.4593171905549707,134.0,9703.0,19468.0,10273.0,1.0,1,0.0,0.030721966205837174,1.0,3234.3333333333335,6489.333333333333,17.098727197773883,0.00166443368030506
Singed,5,5,4.4,5.6,10.8,12445.7,12097.5,2.884642857142857,2.9989147700846166,1014.8669440801146,0.5252397271122323,0.9624633275272027,2.169194254897232,75.0,27507.0,39775.4,8317.9,68.0,10,50.0,0.30721966205837176,9.600000000000001,4911.964285714286,7102.750000000001,8.19604978615145,0.0670038573988986
Sion,8,14,3.590909090909091,5.2727272727272725,7.2272727272727275,10623.272727272728,9879.318181818182,2.488293650793651,4.912072142578785,868.8945821670156,0.6284983368089777,0.927564073447302,2.027854900124741,122.95454545454545,22062.636363636364,44962.681818181816,9037.272727272728,61.27272727272727,22,36.36363636363637,0.6758832565284179,5.545454545454546,4184.293103448276,8527.405172413793,10.400885116274804,0.07051802201357225
Sivir,13,12,4.24,5.88,6.4,12248.4,11926.4,2.641940836940837,5.004413807277662,1103.516106039692,0.5163483715920357,0.9313106438542305,2.07956816334269,130.4,27489.32,23741.44,7003.8,2.2,25,52.0,0.7680491551459293,4.760000000000001,4675.0544217687075,4037.6598639455783,6.346803605010622,0.001993627449530736
Skarner,3,5,4.375,5.25,4.75,10929.75,11675.0,1.6104166666666666,0.35152479643506734,952.7514710342991,0.7520254931929176,1.0001689237546987,1.8205746015692559,44.625,22782.375,38954.5,8567.875,62.75,8,37.5,0.2457757296466974,3.875,4339.5,7419.9047619047615,8.992770161455416,0.0658618767934088
Smolder,10,4,6.857142857142857,6.214285714285714,6.5,15253.857142857143,16624.85714285714,3.435657596371882,2.4827196937473284,1454.3941101034118,0.18424801127966756,1.0292087841849045,2.1124101994677873,66.42857142857143,35149.0,28835.785714285714,7354.785714285715,14.214285714285714,14,71.42857142857143,0.43010752688172044,7.142857142857143,5656.16091954023,4640.241379310344,5.056941349798761,0.00977333833762228
Sona,4,7,4.909090909090909,6.0,7.0,11764.727272727272,11613.636363636364,2.15995670995671,0.014048427866642788,1236.592974460878,0.0,0.9570847861873301,2.3736610555431383,0.2727272727272727,28179.363636363636,36487.27272727273,30236.545454545456,29.181818181818183,11,36.36363636363637,0.3379416282642089,5.90909090909091,4696.560606060606,6081.212121212121,24.45149380516883,0.023598563783318184
Soraka,7,6,1.4615384615384615,6.769230769230769,10.153846153846153,11897.076923076924,12163.461538461539,1.8356837606837606,0.06494001182391657,626.1416576192697,0.2240702240702241,0.9765377540850467,1.3614480093103007,2.076923076923077,14748.692307692309,49164.07692307692,59905.92307692308,84.92307692307692,13,53.84615384615385,0.39938556067588327,4.846153846153846,2178.784090909091,7262.875,95.67471249988184,0.13562917574590613
Swain,5,1,8.833333333333334,6.666666666666667,8.5,14875.166666666666,15062.5,2.6960317460317462,1.0670603870719015,1450.2703506787095,0.7006854626328655,0.9982903033037104,2.313233662286317,32.0,35786.833333333336,56046.166666666664,24160.833333333332,67.66666666666667,6,83.33333333333333,0.18433179723502305,10.666666666666668,5368.025000000001,8406.925,16.659537528314182,0.04665796734726009
Sylas,39,34,6.6438356164383565,5.410958904109589,7.273972602739726,12336.27397260274,11899.794520547945,3.414286208464291,2.314853301401479,979.7215014746126,0.6297402649285039,0.9487639836148263,1.9567462270451936,128.9041095890411,25048.27397260274,37827.109589041094,15040.438356164384,30.465753424657535,73,53.42465753424658,2.2427035330261136,8.506849315068493,4629.174683544304,6990.832911392405,15.351748770978796,0.03109634052003807
Syndra,5,2,6.428571428571429,7.0,8.0,16714.714285714286,16725.0,2.26734693877551,3.05964345412455,1473.1791820468559,0.36648157867590997,0.9744777570822525,2.2583995630858853,82.28571428571429,38962.142857142855,32313.428571428572,7150.571428571428,59.57142857142857,7,71.42857142857143,0.21505376344086022,7.428571428571429,5566.020408163265,4616.2040816326535,4.853836869074082,0.040437327174729136
TahmKench,3,6,3.3333333333333335,6.666666666666667,5.555555555555555,10063.111111111111,9425.0,1.5974747474747475,0.6994653103808033,916.8520614269999,0.327660406885759,0.9196598964633093,2.511161336829412,16.22222222222222,23867.444444444445,51224.444444444445,17285.555555555555,64.44444444444444,9,33.333333333333336,0.2764976958525346,2.2222222222222223,3580.116666666667,7683.666666666666,18.853156668102052,0.07028881447257948
Taliyah,21,18,6.102564102564102,5.256410256410256,7.487179487179487,12413.102564102564,11814.102564102564,3.1940170940170938,5.042100751195617,1089.258617654959,0.6707374886830886,0.9411919749670303,2.163896370378735,149.69230769230768,28278.0,20434.69230769231,3789.3333333333335,42.333333333333336,39,53.84615384615385,1.1981566820276497,8.333333333333332,5379.717073170732,3887.575609756098,3.4788187781257185,0.03886435475210822
Talon,8,6,10.642857142857142,6.071428571428571,6.071428571428571,14820.642857142857,14814.285714285714,3.2249149659863945,1.0631942745842344,1397.277389299025,0.7225051727946353,0.9862364643924396,2.277243169099602,132.42857142857142,36691.357142857145,34475.21428571428,12725.0,7.357142857142857,14,57.142857142857146,0.43010752688172044,10.642857142857144,6043.282352941177,5678.270588235294,9.106996289680017,0.005265341666219712
Taric,4,8,2.0,7.25,9.166666666666666,10013.333333333334,9485.416666666666,1.8743055555555557,0.6618880880253143,530.9069282750354,1.104716541576644,0.9288114790026994,1.2061198623051725,15.916666666666666,13813.75,33168.666666666664,17326.333333333332,56.0,12,33.333333333333336,0.3686635944700461,3.916666666666666,1905.344827586207,4574.9885057471265,32.635349833591654,0.10547988172229936
Teemo,12,9,6.0476190476190474,4.666666666666667,5.714285714285714,11702.52380952381,11036.190476190477,3.1581632653061225,3.6259713077620432,1176.0757672329487,0.39518677034500543,0.8917005483938931,2.19381890020375,89.0952380952381,28599.52380952381,22640.809523809523,4631.761904761905,47.285714285714285,21,57.142857142857146,0.6451612903225806,7.095238095238096,6128.469387755102,4851.602040816326,3.938319310548704,0.040206350307656895
Thresh,7,6,2.3846153846153846,6.0,13.615384615384615,10926.538461538461,10548.076923076924,2.910989010989011,0.6091965175320482,813.8539037098205,1.7256657430881985,0.9492533978025842,1.7004484842043626,15.76923076923077,20117.384615384617,37483.0,9239.846153846154,84.0,13,53.84615384615385,0.39938556067588327,10.0,3352.897435897436,6247.166666666667,11.353200017506605,0.10321262774203045
Tristana,12,8,7.9,6.0,4.6,13237.7,12961.25,2.39511544011544,4.385405979747755,1342.9900299004282,0.5422139827499576,0.9569808486566203,2.3324955662048668,117.0,33511.6,25568.4,8169.3,9.3,20,60.0,0.6144393241167435,6.5,5585.266666666666,4261.400000000001,6.082919320410507,0.0069248466428969094
Trundle,8,12,6.05,5.95,7.95,11057.75,10455.25,3.0532738095238097,0.35147839742033926,965.4669306298783,0.7097889225036138,0.9384365094443436,2.157508654756893,77.55,24380.05,39843.9,21037.05,33.0,20,40.0,0.6144393241167435,8.05,4097.487394957983,6696.453781512605,21.789508612454764,0.03418035248340462
Tryndamere,4,4,5.5,4.625,2.875,11289.625,10778.125,3.0549603174603175,5.266995207067086,869.6002101667912,0.35550113131655936,0.9315538484848038,1.7011701241737627,124.375,20180.125,30671.5,13157.625,11.0,8,50.0,0.2457757296466974,3.75,4363.27027027027,6631.675675675676,15.130659866648767,0.012649490963083113
TwistedFate,24,17,5.926829268292683,5.146341463414634,8.24390243902439,14436.829268292682,14220.609756097561,4.213095238095238,4.329886347771331,1129.6107226458496,0.44749355347197506,0.967929210146887,1.9085351565606226,117.58536585365853,29653.60975609756,25523.121951219513,6133.8536585365855,56.1219512195122,41,58.53658536585366,1.2596006144393241,9.02439024390244,5762.075829383886,4959.469194312796,5.430059697175558,0.04968255886245451
Twitch,4,5,6.444444444444445,7.333333333333333,4.888888888888889,12612.333333333334,13355.555555555555,1.6933862433862434,1.4428589807975756,1388.445063205055,0.14608733066244473,1.010232072341864,2.530617101155435,42.44444444444444,32243.88888888889,25377.555555555555,6265.666666666667,10.444444444444445,9,44.44444444444444,0.2764976958525346,4.000000000000001,4396.89393939394,3460.5757575757575,4.512722060607241,0.00752240381793337
Udyr,2,2,6.25,6.75,5.75,14806.25,14431.25,1.775,0.2574064727960414,1439.467582051753,0.2927927927927928,0.9716445760897952,2.543661914675482,56.75,36479.25,40709.5,15812.5,55.25,4,50.0,0.1228878648233487,5.25,5404.333333333333,6031.037037037037,10.984964300107103,0.03838224680353629
Urgot,5,5,5.9,6.9,3.7,11812.9,11510.0,1.4476190476190476,0.6269027945519987,1157.0991880245329,0.08298755186721991,0.9703113107821615,2.301586495374495,15.1,27042.5,34055.7,8380.5,33.1,10,50.0,0.30721966205837176,2.700000000000001,3919.2028985507245,4935.608695652173,7.24268073708329,0.028606017826795168
Varus,15,11,5.769230769230769,6.1923076923076925,5.653846153846154,11943.846153846154,11937.692307692309,1.9574425574425574,4.3992377582349045,1150.4821109080985,0.3859299242614234,0.9762411660848309,2.245954820435362,106.92307692307692,28822.653846153848,23944.96153846154,6181.153846153846,33.73076923076923,26,57.69230769230769,0.7987711213517665,5.230769230769231,4654.590062111802,3866.888198757764,5.3726640228025255,0.029318812444762712
Vayne,1,11,5.166666666666667,7.0,4.166666666666667,10311.666666666666,9500.0,1.3417658730158732,0.5532687552343606,1281.4380363053197,0.07547169811320754,0.8866079876074614,2.7584642232887404,17.083333333333332,29127.583333333332,23686.5,6254.5,19.333333333333332,12,8.333333333333334,0.3686635944700461,2.333333333333334,4161.083333333333,3383.785714285714,4.88084466263633,0.015087216693735559
Veigar,2,8,5.5,6.3,2.3,10372.2,10125.0,1.2390873015873016,0.7451279628886753,1062.8366246874975,0.018537590113285273,0.9607013070265064,2.3536962403818475,12.3,25463.9,25519.9,6721.3,25.0,10,20.0,0.30721966205837176,1.5,4041.888888888889,4050.7777777777783,6.32392584511871,0.023521959461408917
Velkoz,4,3,7.857142857142857,7.285714285714286,4.428571428571429,13410.714285714286,14171.42857142857,1.9047619047619047,0.20241381360466795,1867.329514467398,0.41936583702693486,1.0339652224936866,3.6990591893205225,5.571428571428571,46885.42857142857,30806.285714285714,6705.857142857143,53.714285714285715,7,57.142857142857146,0.21505376344086022,4.999999999999999,6435.254901960785,4228.313725490196,3.591148263283246,0.028765295732824193
Vex,4,6,6.1,5.1,5.9,13308.1,13222.5,4.558095238095238,4.081852941412488,1466.8406625163775,0.4208616290623751,0.978695544881887,2.5218094650610245,95.4,37171.7,21374.3,4799.8,45.6,10,40.0,0.30721966205837176,6.9,7288.56862745098,4191.0392156862745,3.272202716119079,0.031087221104010587
Vi,10,10,5.45,5.7,8.55,11286.15,10792.85,3.4632846320346315,0.5659527158192696,741.5636455471109,0.8667133530280408,0.9503528869617919,1.613062668277593,132.5,19378.55,33534.3,12859.7,34.95,20,50.0,0.6144393241167435,8.3,3399.7456140350873,5883.21052631579,17.34133014370246,0.047130142112366616
Viego,27,22,6.204081632653061,5.0,5.959183673469388,11280.448979591836,10310.102040816326,3.203247489471979,0.9756961065477645,741.9158869926977,0.8060888546928063,0.9072927671137626,1.4039136917195663,137.12244897959184,18747.836734693876,32487.469387755104,16390.714285714286,15.122448979591837,49,55.10204081632653,1.5053763440860215,7.163265306122449,3749.5673469387752,6497.493877551021,22.092415829175543,0.020382969612484765
Viktor,6,5,4.909090909090909,4.818181818181818,6.7272727272727275,11735.272727272728,11625.0,3.0566017316017313,6.566025722449537,1055.8525346307968,0.612353011543986,0.9580799051421883,2.2300350915000267,166.9090909090909,27552.81818181818,20094.545454545456,3614.6363636363635,37.63636363636363,11,54.54545454545455,0.3379416282642089,6.818181818181818,5718.509433962264,4170.566037735849,3.4234291675023583,0.035645473588339735
Vladimir,13,8,6.428571428571429,5.904761904761905,5.9523809523809526,12953.904761904761,12778.57142857143,3.1286092214663648,2.646571189890687,1471.8745174375051,0.20799221265956014,0.968063660281275,2.751353250925923,75.14285714285714,37136.57142857143,46881.09523809524,46015.666666666664,16.19047619047619,21,61.904761904761905,0.6451612903225806,6.476190476190476,6289.258064516129,7939.540322580645,31.263308197480537,0.010999902504367956
Volibear,14,2,7.5625,6.875,7.125,15055.25,15372.8125,2.37574821012321,0.8988662049306778,1661.3916494250575,0.06752503348695141,1.008928760123182,2.750173453238604,21.6875,40880.625,67948.0625,25223.5,73.3125,16,87.5,0.4915514592933948,7.8125,5946.272727272727,9883.354545454546,15.18215166708516,0.04412716292715844
Warwick,4,6,4.9,6.8,4.4,9931.1,9902.5,1.3901984126984126,0.6163280646182001,1140.2552983434086,0.04576976421636615,0.9794085620295808,2.451668299830039,15.3,27095.6,39809.4,21208.0,31.4,10,40.0,0.30721966205837176,2.500000000000001,3984.6470588235293,5854.323529411765,18.5993435249207,0.027537692695327708
Xayah,7,9,6.6875,5.625,6.0,12386.125,10954.6875,2.6907242063492065,5.19096979359173,1111.4005869571733,0.5441989323664227,0.837013378572322,2.1904337761263153,145.4375,28783.6875,21676.5625,6029.875,22.1875,16,43.75,0.4915514592933948,7.0625,5117.1,3853.6111111111113,5.42547401068842,0.019963548931304434
Xerath,5,6,7.0,6.181818181818182,5.545454545454546,12954.181818181818,13118.181818181818,2.170995670995671,0.5286647654185033,1519.8820595666539,0.051834130781499205,0.9830637197388419,2.912716590120958,12.090909090909092,39323.90909090909,27252.18181818182,3792.2727272727275,65.63636363636364,11,45.45454545454545,0.3379416282642089,6.363636363636365,6361.220588235294,4408.441176470588,2.495109869481566,0.0431851690223107
XinZhao,19,16,7.3428571428571425,6.228571428571429,7.142857142857143,13594.2,13161.42857142857,3.002063492063492,0.39889416753672524,1255.536128045667,0.6295988436085636,0.9529668790895849,2.267334809402404,91.4,32716.0,48763.6,26699.514285714286,36.285714285714285,35,54.285714285714285,1.075268817204301,8.257142857142856,5252.568807339449,7829.018348623853,21.26542891861982,0.028900573607703053
Yasuo,13,9,6.136363636363637,4.681818181818182,6.454545454545454,12535.818181818182,12134.09090909091,4.024025974025974,6.087001167397286,1037.5470214250547,0.651673128717481,0.9582688902951196,1.9193953969290911,158.0909090909091,26440.18181818182,24113.772727272728,7839.0,27.636363636363637,22,59.09090909090909,0.6758832565284179,7.909090909090908,5647.417475728156,5150.514563106796,7.555320229470906,0.026636251722264616
Yone,14,20,4.088235294117647,4.9411764705882355,4.529411764705882,11924.382352941177,10561.470588235294,2.310480859010271,5.795984134932263,3672.238493095079,0.6091568957059605,0.911251899189109,2.1658632432280123,144.52941176470588,27638.41176470588,26112.058823529413,7460.35294117647,24.41176470588235,34,41.1764705882353,1.044546850998464,3.6764705882352935,5593.4880952380945,5284.583333333333,2.0315545831797674,0.006647652311194893
Yorick,5,2,6.142857142857143,6.0,8.142857142857142,16124.57142857143,16218.857142857143,2.8977530406101835,4.661306814028836,1586.9871465258916,0.38990987065409793,0.9902045052103071,2.4252780257564805,145.57142857142858,41487.57142857143,49472.857142857145,17946.0,13.714285714285714,7,71.42857142857143,0.21505376344086022,8.285714285714285,6914.595238095238,8245.47619047619,11.308220132271382,0.008641711903154324
Yunara,26,26,6.673076923076923,5.538461538461538,5.538461538461538,12259.48076923077,11697.307692307691,3.573016726862881,6.046034450021818,1040.088627690786,0.704814580205318,0.9464335651811353,2.02299206928179,157.25,25474.173076923078,22433.21153846154,7606.25,9.153846153846153,52,50.0,1.597542242703533,6.673076923076923,4599.503472222223,4050.4409722222226,7.313078710309008,0.008801025133953828
Yuumi,0,2,1.5,6.5,6.5,11150.0,11000.0,1.2738095238095237,0.0,673.6134764782739,0.0,0.9846650524616626,1.491861178369653,0.0,16215.5,20057.0,10409.0,28.5,2,0.0,0.06144393241167435,1.5,2494.6923076923076,3085.6923076923076,15.45248182150305,0.042309129783152745
Zac,5,7,5.916666666666667,5.333333333333333,6.5,12191.083333333334,11702.916666666666,3.393783068783069,0.7215995105506673,1265.227626541109,0.2952379779999758,0.9535319842377749,2.4905542793537805,59.833333333333336,32253.666666666668,65851.41666666667,59476.666666666664,55.916666666666664,12,41.666666666666664,0.3686635944700461,7.083333333333335,6047.562500000001,12347.140625000002,47.00866896912813,0.044194946026852235
Zed,18,26,7.2272727272727275,5.681818181818182,6.340909090909091,12661.09090909091,12633.75,3.8183042967133876,0.6042297322090739,1103.3821867434613,0.6184883269728668,0.9802661909209587,2.2320005766666706,108.5909090909091,29369.909090909092,30552.340909090908,10494.568181818182,11.704545454545455,44,40.90909090909091,1.3517665130568357,7.886363636363637,5169.104,5377.2119999999995,9.511272075899655,0.010607879658715921
Zeri,8,10,7.722222222222222,7.388888888888889,6.111111111111111,13548.944444444445,13420.0,1.9356601731601732,5.88431676451183,1086.3281740984667,0.7579136918056305,0.9824838093744785,2.2249147096621003,181.77777777777777,30951.5,26421.333333333332,6266.722222222223,8.11111111111111,18,44.44444444444444,0.5529953917050692,6.444444444444443,4188.924812030075,3575.81954887218,5.76871922466976,0.00746653847751159
Ziggs,13,8,6.857142857142857,5.571428571428571,5.476190476190476,12796.952380952382,12546.42857142857,2.7775888133030993,3.9032234561181136,1316.4457494550145,0.41252497368829144,0.9680270724574738,2.476896747830768,95.0,32671.809523809523,22564.904761904763,4161.047619047619,29.38095238095238,21,61.904761904761905,0.6451612903225806,6.761904761904761,5864.17094017094,4050.1111111111118,3.160819669758682,0.022318392074352916
Zilean,8,5,4.076923076923077,6.0,9.615384615384615,14376.923076923076,14985.384615384615,2.3426573426573425,1.1958212417694325,959.4098096771011,0.28095242627901834,1.017374121817349,1.6030007589052266,26.153846153846153,24200.0,37604.38461538462,15741.692307692309,59.0,13,61.53846153846154,0.39938556067588327,7.692307692307692,4033.3333333333335,6267.3974358974365,16.407683295410887,0.061496140027854244
Zoe,5,7,6.5,5.416666666666667,7.0,13819.333333333334,13352.083333333334,3.0313492063492062,2.806147086006361,1354.4877904607777,0.7026631723804763,0.9630788151228823,2.5438099700210413,92.75,36723.583333333336,27012.0,4321.416666666667,54.083333333333336,12,41.666666666666664,0.3686635944700461,8.083333333333332,6779.738461538462,4986.830769230769,3.1904434259954324,0.039928992874077474
Zyra,12,11,5.695652173913044,5.608695652173913,7.695652173913044,13868.565217391304,13788.04347826087,3.498669929104712,0.36048423616027014,1337.7808235000734,0.4819152263118429,0.9816655227731834,2.4446258420588682,74.47826086956522,33373.608695652176,24184.565217391304,6073.217391304348,68.91304347826087,23,52.17391304347826,0.706605222734255,7.782608695652175,5950.333333333334,4311.976744186047,4.539770106297995,0.051512955087786166
