matchId,gameCreation,gameStartTimestamp,gameEndTimestamp,gameDuration,endOfGameResult,gameMode,gameType,gameVersion,queueId,mapId,platformId,tournamentCode,blueWin,redWin
KR_7667898191,1749048666189,1749048680135,1749050606558,1926,GameComplete,CLASSIC,MATCHED_GAME,15.11.685.5259,420,11,KR,,True,False
KR_7667948824,1749051420332,1749051439756,1749053336214,1896,GameComplete,CLASSIC,MATCHED_GAME,15.11.685.5259,420,11,KR,,True,False
KR_7667991295,1749053926868,1749054170950,1749054271986,101,GameComplete,CLASSIC,MATCHED_GAME,15.11.685.5259,420,11,KR,,False,True
KR_7668007561,1749055189049,1749055215772,1749056600148,1384,GameComplete,CLASSIC,MATCHED_GAME,15.11.685.5259,420,11,KR,,False,True
KR_7668031665,1749057438230,1749057481878,1749058654556,1172,GameComplete,CLASSIC,MATCHED_GAME,15.11.685.5259,420,11,KR,,False,True
KR_7668079655,1749063699144,1749063756472,1749065554419,1798,GameComplete,CLASSIC,MATCHED_GAME,15.11.685.5259,420,11,KR,,True,False
KR_7668990305,1749135518184,1749135652770,1749137526859,1874,GameComplete,CLASSIC,MATCHED_GAME,15.11.685.5259,420,11,KR,,True,False
KR_7669064080,1749137891812,1749137908766,1749139681675,1773,GameComplete,CLASSIC,MATCHED_GAME,15.11.685.5259,420,11,KR,,True,False
KR_7669130874,1749140866476,1749140905268,1749142450637,1545,GameComplete,CLASSIC,MATCHED_GAME,15.11.685.5259,420,11,KR,,True,False
KR_7669181716,1749143287895,1749143303588,1749144845278,1541,GameComplete,CLASSIC,MATCHED_GAME,15.11.685.5259,420,11,KR,,False,True
KR_7670323990,1749217647268,1749217755185,1749219163519,1408,GameComplete,CLASSIC,MATCHED_GAME,15.11.685.5259,420,11,KR,,False,True
KR_7670561488,1749225277905,1749225296525,1749226804034,1507,GameComplete,CLASSIC,MATCHED_GAME,15.11.685.5259,420,11,KR,,True,False
KR_7670660881,1749229822268,1749229872703,1749231610896,1738,GameComplete,CLASSIC,MATCHED_GAME,15.11.685.5259,420,11,KR,,False,True
KR_7670710614,1749232781489,1749232796792,1749234214513,1417,GameComplete,CLASSIC,MATCHED_GAME,15.11.685.5259,420,11,KR,,True,False
KR_7671601006,1749298431059,1749298444631,1749300088454,1644,GameComplete,CLASSIC,MATCHED_GAME,15.11.685.5259,420,11,KR,,False,True
KR_7671664141,1749300708977,1749300722452,1749301818836,1096,GameComplete,CLASSIC,MATCHED_GAME,15.11.685.5259,420,11,KR,,True,False
KR_7671885689,1749307687150,1749307706683,1749310176171,2469,GameComplete,CLASSIC,MATCHED_GAME,15.11.685.5259,420,11,KR,,False,True
KR_7672005171,1749311557925,1749311573514,1749312765349,1192,GameComplete,CLASSIC,MATCHED_GAME,15.11.685.5259,420,11,KR,,True,False
KR_7672062200,1749313819112,1749313868174,1749314050133,182,GameComplete,CLASSIC,MATCHED_GAME,15.11.685.5259,420,11,KR,,True,False
KR_7672076236,1749314432847,1749314445284,1749315572141,1127,GameComplete,CLASSIC,MATCHED_GAME,15.11.685.5259,420,11,KR,,True,False
KR_7672113932,1749316626710,1749316711529,1749317926195,1214,GameComplete,CLASSIC,MATCHED_GAME,15.11.685.5259,420,11,KR,,True,False
KR_7672158834,1749319366557,1749319395424,1749321040298,1645,GameComplete,CLASSIC,MATCHED_GAME,15.11.685.5259,420,11,KR,,True,False
KR_7673184544,1749387690101,1749387704626,1749389209167,1504,GameComplete,CLASSIC,MATCHED_GAME,15.11.685.5259,420,11,KR,,True,False
KR_7673253039,1749389839515,1749389867061,1749391604069,1737,GameComplete,CLASSIC,MATCHED_GAME,15.11.685.5259,420,11,KR,,True,False
KR_7673504708,1749402238060,1749402250856,1749403812547,1561,GameComplete,CLASSIC,MATCHED_GAME,15.11.685.5259,420,11,KR,,True,False
KR_7673529621,1749404501426,1749404582959,1749406681859,2099,GameComplete,CLASSIC,MATCHED_GAME,15.11.685.5259,420,11,KR,,False,True
KR_7674148485,1749472053148,1749472068522,1749473610808,1542,GameComplete,CLASSIC,MATCHED_GAME,15.11.685.5259,420,11,KR,,True,False
KR_7674217585,1749474905570,1749474922641,1749477165325,2242,GameComplete,CLASSIC,MATCHED_GAME,15.11.685.5259,420,11,KR,,True,False
KR_7674372800,1749481621874,1749481637243,1749483580734,1943,GameComplete,CLASSIC,MATCHED_GAME,15.11.685.5259,420,11,KR,,False,True
KR_7674430841,1749485085726,1749485152915,1749486595604,1442,GameComplete,CLASSIC,MATCHED_GAME,15.11.685.5259,420,11,KR,,True,False
KR_7674470119,1749487674171,1749487690047,1749489615926,1926,GameComplete,CLASSIC,MATCHED_GAME,15.11.685.5259,420,11,KR,,True,False
KR_7674497791,1749491089772,1749491104902,1749493258911,2154,GameComplete,CLASSIC,MATCHED_GAME,15.11.685.5259,420,11,KR,,True,False
KR_7674876399,1749545582320,1749545641214,1749546562259,921,GameComplete,CLASSIC,MATCHED_GAME,15.11.685.5259,420,11,KR,,False,True
KR_7674896540,1749547138971,1749547183391,1749548165791,982,GameComplete,CLASSIC,MATCHED_GAME,15.11.685.5259,420,11,KR,,True,False
KR_7674939074,1749549811053,1749549825123,1749551545678,1720,GameComplete,CLASSIC,MATCHED_GAME,15.11.685.5259,420,11,KR,,False,True
KR_7674996579,1749553498920,1749553540289,1749554498197,958,GameComplete,CLASSIC,MATCHED_GAME,15.11.685.5259,420,11,KR,,True,False
KR_7675020886,1749555107813,1749555130000,1749557327364,2197,GameComplete,CLASSIC,MATCHED_GAME,15.11.685.5259,420,11,KR,,True,False
KR_7675091070,1749558090144,1749558110559,1749560635620,2525,GameComplete,CLASSIC,MATCHED_GAME,15.11.685.5259,420,11,KR,,False,True
KR_7675300836,1749567170199,1749567187880,1749568872797,1685,GameComplete,CLASSIC,MATCHED_GAME,15.11.685.5259,420,11,KR,,True,False
KR_7675354493,1749569740932,1749569754616,1749571033155,1278,GameComplete,CLASSIC,MATCHED_GAME,15.11.685.5259,420,11,KR,,True,False
KR_7675386461,1749571717948,1749571729100,1749573471433,1742,GameComplete,CLASSIC,MATCHED_GAME,15.11.685.5259,420,11,KR,,True,False
KR_7675867466,1749637340805,1749637355753,1749638351395,995,GameComplete,CLASSIC,MATCHED_GAME,15.12.688.2594,420,11,KR,,True,False
KR_7675918108,1749640330910,1749640343294,1749642135105,1792,GameComplete,CLASSIC,MATCHED_GAME,15.12.688.2594,420,11,KR,,False,True
KR_7676018989,1749645857294,1749645876771,1749647468845,1592,GameComplete,CLASSIC,MATCHED_GAME,15.12.688.6522,420,11,KR,,False,True
KR_7676173656,1749652609498,1749652627460,1749654840064,2212,GameComplete,CLASSIC,MATCHED_GAME,15.12.688.6522,420,11,KR,,True,False
KR_7676244317,1749656196400,1749656211266,1749658037658,1826,GameComplete,CLASSIC,MATCHED_GAME,15.12.688.6522,420,11,KR,,True,False
KR_7676281036,1749658704533,1749658719858,1749660048715,1328,GameComplete,CLASSIC,MATCHED_GAME,15.12.688.6522,420,11,KR,,False,True
KR_7676305418,1749660870457,1749660910205,1749663198036,2287,GameComplete,CLASSIC,MATCHED_GAME,15.12.688.6522,420,11,KR,,False,True
KR_7678436991,1749830145543,1749830157934,1749831550267,1392,GameComplete,CLASSIC,MATCHED_GAME,15.12.688.6522,420,11,KR,,False,True
KR_7678490897,1749832103439,1749832127134,1749833837293,1710,GameComplete,CLASSIC,MATCHED_GAME,15.12.688.6522,420,11,KR,,True,False
KR_7678550579,1749834739543,1749834785156,1749835752933,967,GameComplete,CLASSIC,MATCHED_GAME,15.12.688.6522,420,11,KR,,False,True
KR_7679934628,1749919411532,1749919447108,1749921507717,2060,GameComplete,CLASSIC,MATCHED_GAME,15.12.688.6522,420,11,KR,,False,True
KR_7692191683,1750862400724,1750862432899,1750863817327,1384,GameComplete,CHERRY,MATCHED_GAME,15.13.691.9951,1700,30,KR,,True,False
KR_7692227012,1750863909628,1750863993398,1750865586020,1592,GameComplete,CHERRY,MATCHED_GAME,15.13.691.9951,1700,30,KR,,True,False
KR_7692285452,1750867449970,1750867463580,1750869314922,1851,GameComplete,CLASSIC,MATCHED_GAME,15.13.691.9951,420,11,KR,,True,False
KR_7692323893,1750870539615,1750870551902,1750871858813,1307,GameComplete,CLASSIC,MATCHED_GAME,15.13.691.9951,420,11,KR,,True,False
KR_7692374323,1750874842897,1750874875677,1750876232509,1356,GameComplete,CHERRY,MATCHED_GAME,15.13.691.9951,1700,30,KR,,True,False
KR_7692849101,1750933850710,1750933876489,1750935446672,1570,GameComplete,CHERRY,MATCHED_GAME,15.13.692.4165,1700,30,KR,,True,False
KR_7692882864,1750936399211,1750936502547,1750938012210,1509,GameComplete,CHERRY,MATCHED_GAME,15.13.692.4165,1700,30,KR,,True,False
KR_7693461443,1750985828507,1750985861979,1750987267064,1405,GameComplete,CHERRY,MATCHED_GAME,15.13.693.1306,1700,30,KR,,True,False
KR_7725962897,1753348409501,1753348438896,1753349788825,1350,GameComplete,CHERRY,MATCHED_GAME,15.14.697.2104,1700,30,KR,,True,False
KR_7725990680,1753349985683,1753350010589,1753351500227,1489,GameComplete,CHERRY,MATCHED_GAME,15.14.697.2104,1700,30,KR,,True,False
KR_7726019664,1753351735329,1753351787004,1753353416290,1629,GameComplete,CHERRY,MATCHED_GAME,15.14.697.2104,1700,30,KR,,True,False
KR_7726056846,1753353995152,1753354023053,1753355456094,1433,GameComplete,CHERRY,MATCHED_GAME,15.14.697.2104,1700,30,KR,,True,False
KR_7731666958,1753715528993,1753715565994,1753717250070,1684,GameComplete,CHERRY,MATCHED_GAME,15.14.697.2104,1700,30,KR,,True,False
KR_7731755241,1753719810276,1753719844175,1753720776627,932,GameComplete,CLASSIC,MATCHED_GAME,15.14.697.2104,420,11,KR,,False,True
KR_7732407778,1753785902137,1753785931193,1753787463525,1532,GameComplete,CHERRY,MATCHED_GAME,15.14.697.2104,1700,30,KR,,True,False
KR_7732438091,1753787127284,1753787210746,1753788630797,1420,GameComplete,CHERRY,MATCHED_GAME,15.14.697.2104,1700,30,KR,,True,False
KR_7732473216,1753788808469,1753788855752,1753790431228,1575,GameComplete,CHERRY,MATCHED_GAME,15.14.697.2104,1700,30,KR,,True,False
KR_7732513761,1753790817624,1753790834310,1753792286776,1452,GameComplete,CLASSIC,MATCHED_GAME,15.14.697.2104,420,11,KR,,True,False
KR_7732603639,1753794045460,1753794057995,1753795864532,1806,GameComplete,CLASSIC,MATCHED_GAME,15.14.697.2104,420,11,KR,,False,True
KR_7732832587,1753802155740,1753802176140,1753804221436,2045,GameComplete,CLASSIC,MATCHED_GAME,15.14.697.2104,420,11,KR,,False,True
KR_7732888497,1753804498899,1753804518811,1753805972393,1453,GameComplete,CHERRY,MATCHED_GAME,15.14.697.2104,1700,30,KR,,True,False
KR_7733355998,1753856858944,1753856970419,1753858376030,1405,GameComplete,CHERRY,MATCHED_GAME,15.15.699.7589,1700,30,KR,,True,False
KR_7735610191,1753964764966,1753964795739,1753966305325,1509,GameComplete,CHERRY,MATCHED_GAME,15.15.699.7589,1700,30,KR,,True,False
KR_7735685374,1753966681649,1753966709939,1753968109162,1399,GameComplete,CHERRY,MATCHED_GAME,15.15.699.7589,1700,30,KR,,True,False
KR_7736226069,1753982783909,1753982797585,1753984370901,1573,GameComplete,CLASSIC,MATCHED_GAME,15.15.699.7589,420,11,KR,,True,False
KR_7736263579,1753985175878,1753985198836,1753986165882,967,GameComplete,CLASSIC,MATCHED_GAME,15.15.699.7589,420,11,KR,,True,False
KR_7736821282,1754029111116,1754029145767,1754030584356,1438,GameComplete,CHERRY,MATCHED_GAME,15.15.699.7589,1700,30,KR,,True,False
KR_7736870648,1754031116833,1754031141426,1754032962046,1820,GameComplete,CHERRY,MATCHED_GAME,15.15.699.7589,1700,30,KR,,True,False
KR_7737528537,1754053162092,1754053180961,1754054688200,1507,GameComplete,CLASSIC,MATCHED_GAME,15.15.699.7589,420,11,KR,,False,True
KR_7737838205,1754060260158,1754060279605,1754061697917,1418,GameComplete,CLASSIC,MATCHED_GAME,15.15.699.7589,420,11,KR,,False,True
KR_7739222770,1754128086306,1754128106775,1754129680412,1573,GameComplete,CHERRY,MATCHED_GAME,15.15.699.7589,1700,30,KR,,True,False
KR_7739287085,1754129941359,1754129968955,1754131282071,1313,GameComplete,CHERRY,MATCHED_GAME,15.15.699.7589,1700,30,KR,,True,False
KR_7740048787,1754149539888,1754149583641,1754151051383,1467,GameComplete,CHERRY,MATCHED_GAME,15.15.699.7589,1700,30,KR,,True,False
KR_7743920245,1754318080918,1754318102091,1754319471253,1369,GameComplete,CHERRY,MATCHED_GAME,15.15.699.7589,1700,30,KR,,True,False
KR_7744020597,1754321098720,1754321116618,1754322874339,1757,GameComplete,CLASSIC,MATCHED_GAME,15.15.699.7589,420,11,KR,,False,True
KR_7744097941,1754323811653,1754323825368,1754325393971,1568,GameComplete,CLASSIC,MATCHED_GAME,15.15.699.7589,420,11,KR,,False,True
KR_7744168266,1754326398732,1754326429664,1754328123759,1694,GameComplete,CHERRY,MATCHED_GAME,15.15.699.7589,1700,30,KR,,True,False
KR_7744815327,1754377271763,1754377294395,1754378673693,1379,GameComplete,CHERRY,MATCHED_GAME,15.15.701.6241,1700,30,KR,,True,False
KR_7745377154,1754397087212,1754397185723,1754398467662,1282,GameComplete,CHERRY,MATCHED_GAME,15.15.701.6241,1700,30,KR,,True,False
KR_7745715235,1754405543473,1754405557817,1754407220014,1662,GameComplete,CLASSIC,MATCHED_GAME,15.15.701.6241,420,11,KR,,False,True
KR_7745796082,1754407901087,1754407918913,1754409657176,1738,GameComplete,CLASSIC,MATCHED_GAME,15.15.701.6241,420,11,KR,,True,False
KR_7745874558,1754410737786,1754410754992,1754412360919,1606,GameComplete,CLASSIC,MATCHED_GAME,15.15.701.6241,420,11,KR,,False,True
KR_7745939077,1754413274279,1754413291798,1754414642513,1350,GameComplete,CLASSIC,MATCHED_GAME,15.15.701.6241,420,11,KR,,True,False
KR_7747215040,1754485634629,1754485660629,1754486726360,1065,GameComplete,CLASSIC,MATCHED_GAME,15.15.701.6241,420,11,KR,,False,True
KR_7747428964,1754491122539,1754491155480,1754492670212,1514,GameComplete,CLASSIC,MATCHED_GAME,15.15.701.6241,420,11,KR,,True,False
KR_7747547817,1754494547836,1754494572272,1754496120931,1548,GameComplete,CLASSIC,MATCHED_GAME,15.15.701.6241,420,11,KR,,False,True
KR_7747621306,1754497101626,1754497159524,1754498494501,1335,GameComplete,CLASSIC,MATCHED_GAME,15.15.701.6241,420,11,KR,,False,True
KR_7747667568,1754499270153,1754499283653,1754500859949,1576,GameComplete,CLASSIC,MATCHED_GAME,15.15.701.6241,420,11,KR,,False,True
KR_7748270093,1754548766855,1754548791422,1754550341416,1550,GameComplete,CHERRY,MATCHED_GAME,15.15.701.6241,1700,30,KR,,True,False
KR_7750493529,1754656584739,1754656612333,1754658132086,1519,GameComplete,CHERRY,MATCHED_GAME,15.15.701.6241,1700,30,KR,,True,False
KR_7750883936,1754666232937,1754666252075,1754667210421,958,GameComplete,CLASSIC,MATCHED_GAME,15.15.701.6241,420,11,KR,,False,True
KR_7750967746,1754668373730,1754668387786,1754670240025,1852,GameComplete,CLASSIC,MATCHED_GAME,15.15.701.6241,420,11,KR,,False,True
KR_7751106598,1754672915857,1754672928366,1754674552892,1624,GameComplete,CLASSIC,MATCHED_GAME,15.15.701.6241,420,11,KR,,False,True
KR_7751167276,1754675468142,1754675483402,1754676793986,1310,GameComplete,CLASSIC,MATCHED_GAME,15.15.701.6241,420,11,KR,,True,False
KR_7753884972,1754806111700,1754806125341,1754807571791,1446,GameComplete,CLASSIC,MATCHED_GAME,15.15.701.6241,420,11,KR,,True,False
KR_7753951875,1754808000108,1754808020993,1754809315763,1294,GameComplete,CHERRY,MATCHED_GAME,15.15.701.6241,1700,30,KR,,True,False
KR_7754697599,1754829127578,1754829151057,1754830724845,1574,GameComplete,CHERRY,MATCHED_GAME,15.15.701.6241,1700,30,KR,,True,False
KR_7755034842,1754837438503,1754837452450,1754838911345,1459,GameComplete,CLASSIC,MATCHED_GAME,15.15.701.6241,420,11,KR,,False,True
KR_7755103975,1754839566991,1754839579951,1754840578127,998,GameComplete,CLASSIC,MATCHED_GAME,15.15.701.6241,420,11,KR,,True,False
KR_7755183143,1754842029540,1754842046420,1754843952396,1906,GameComplete,CLASSIC,MATCHED_GAME,15.15.701.6241,420,11,KR,,True,False
KR_7755234865,1754844502454,1754844516475,1754846259103,1742,GameComplete,CLASSIC,MATCHED_GAME,15.15.701.6241,420,11,KR,,False,True
KR_7756404388,1754915669217,1754915709001,1754917350397,1641,GameComplete,CHERRY,MATCHED_GAME,15.15.701.6241,1700,30,KR,,True,False
KR_7756708881,1754923715789,1754923738301,1754925132606,1394,GameComplete,CLASSIC,MATCHED_GAME,15.15.701.6241,420,11,KR,,True,False
KR_7756769875,1754925442187,1754925472775,1754926938380,1465,GameComplete,CHERRY,MATCHED_GAME,15.15.701.6241,1700,30,KR,,True,False
KR_7756813199,1754926749234,1754926769153,1754927980975,1211,GameComplete,CHERRY,MATCHED_GAME,15.15.701.6241,1700,30,KR,,True,False
KR_7756849992,1754928444492,1754928463055,1754930392640,1929,GameComplete,CLASSIC,MATCHED_GAME,15.15.701.6241,420,11,KR,,True,False
KR_7756905702,1754930802511,1754930851060,1754932916856,2065,GameComplete,CLASSIC,MATCHED_GAME,15.15.701.6241,420,11,KR,,False,True
KR_7756981029,1754934646827,1754934682144,1754936368597,1686,GameComplete,CHERRY,MATCHED_GAME,15.15.701.6241,1700,30,KR,,True,False
KR_7757913084,1754997726965,1754997833723,1754999256484,1422,GameComplete,CLASSIC,MATCHED_GAME,15.15.701.6241,420,11,KR,,True,False
KR_7758024414,1755001184462,1755001208486,1755002157847,949,GameComplete,CLASSIC,MATCHED_GAME,15.15.701.6241,420,11,KR,,True,False
KR_7758319735,1755008870956,1755008901530,1755010340329,1438,GameComplete,CHERRY,MATCHED_GAME,15.15.701.6241,1700,30,KR,,True,False
KR_7758370618,1755010220369,1755010235172,1755011882683,1647,GameComplete,CHERRY,MATCHED_GAME,15.15.701.6241,1700,30,KR,,True,False
KR_7758453111,1755012809965,1755012822844,1755014457761,1635,GameComplete,CLASSIC,MATCHED_GAME,15.15.701.6241,420,11,KR,,False,True
KR_7758558648,1755017230823,1755017248204,1755018515706,1267,GameComplete,CLASSIC,MATCHED_GAME,15.15.701.6241,420,11,KR,,True,False
KR_7758633074,1755021308317,1755021349027,1755023182466,1833,GameComplete,CLASSIC,MATCHED_GAME,15.15.701.6241,420,11,KR,,False,True
KR_7758657832,1755024119704,1755024138949,1755026171028,2032,GameComplete,CLASSIC,MATCHED_GAME,15.15.701.6241,420,11,KR,,False,True
KR_7760034705,1755098116292,1755098140707,1755099708695,1568,GameComplete,CHERRY,MATCHED_GAME,15.16.702.7993,1700,30,KR,,True,False
KR_7760088661,1755100093128,1755100118673,1755101601533,1482,GameComplete,CHERRY,MATCHED_GAME,15.16.702.7993,1700,30,KR,,True,False
KR_7760137114,1755101969054,1755102027852,1755103726774,1699,GameComplete,CLASSIC,MATCHED_GAME,15.16.702.7993,420,11,KR,,True,False
KR_7760768399,1755153906953,1755153934979,1755155366674,1431,GameComplete,CHERRY,MATCHED_GAME,15.16.704.3186,1700,30,KR,,True,False
KR_7761347007,1755175866341,1755175916047,1755177483026,1567,GameComplete,CHERRY,MATCHED_GAME,15.16.704.3186,1700,30,KR,,True,False
KR_7761630871,1755183134590,1755183151742,1755184936065,1784,GameComplete,CLASSIC,MATCHED_GAME,15.16.704.3186,420,11,KR,,True,False
KR_7761837683,1755188852980,1755188867211,1755190465423,1598,GameComplete,CLASSIC,MATCHED_GAME,15.16.704.3186,420,11,KR,,True,False
KR_7761913584,1755191606659,1755191625891,1755192563356,937,GameComplete,CLASSIC,MATCHED_GAME,15.16.704.3186,420,11,KR,,False,True
KR_7768667208,1755513755234,1755513813354,1755515190462,1377,GameComplete,CHERRY,MATCHED_GAME,15.16.704.6097,1700,30,KR,,True,False
KR_7768756827,1755517184385,1755517215340,1755518524068,1308,GameComplete,CLASSIC,MATCHED_GAME,15.16.704.6097,420,11,KR,,True,False
KR_7768846568,1755519826079,1755519924686,1755522864547,2940,GameComplete,CLASSIC,MATCHED_GAME,15.16.704.6097,420,11,KR,,True,False
KR_7769196486,1755529930675,1755529947730,1755531352453,1404,GameComplete,CLASSIC,MATCHED_GAME,15.16.704.6097,420,11,KR,,True,False
KR_7769254689,1755532277786,1755532295992,1755534517770,2221,GameComplete,CLASSIC,MATCHED_GAME,15.16.704.6097,420,11,KR,,True,False
KR_7769309611,1755534853971,1755534866072,1755536730207,1864,GameComplete,CLASSIC,MATCHED_GAME,15.16.704.6097,420,11,KR,,False,True
KR_7769355024,1755537197305,1755537219508,1755538130878,911,GameComplete,CLASSIC,MATCHED_GAME,15.16.704.6097,420,11,KR,,False,True
KR_7769387063,1755539655115,1755539674179,1755541223163,1549,GameComplete,CLASSIC,MATCHED_GAME,15.16.704.6097,420,11,KR,,True,False
KR_7769808347,1755584314769,1755584349845,1755585762878,1413,GameComplete,CHERRY,MATCHED_GAME,15.16.704.6097,1700,30,KR,,True,False
KR_7770608442,1755614491566,1755614506531,1755616736294,2229,GameComplete,CLASSIC,MATCHED_GAME,15.16.704.6097,420,11,KR,,True,False
KR_7770693785,1755617464949,1755617475600,1755619042714,1567,GameComplete,CLASSIC,MATCHED_GAME,15.16.704.6097,420,11,KR,,False,True
KR_7770759050,1755619924716,1755619936775,1755622015125,2078,GameComplete,CLASSIC,MATCHED_GAME,15.16.704.6097,420,11,KR,,False,True
KR_7770816906,1755623397341,1755623413318,1755625034593,1621,GameComplete,CLASSIC,MATCHED_GAME,15.16.704.6097,420,11,KR,,False,True
KR_7770858728,1755626280081,1755626306785,1755627772812,1466,GameComplete,CHERRY,MATCHED_GAME,15.16.704.6097,1700,30,KR,,True,False
KR_7772047915,1755700594217,1755700629229,1755702282064,1652,GameComplete,CHERRY,MATCHED_GAME,15.16.704.6097,1700,30,KR,,True,False
KR_7772085755,1755701794494,1755701816025,1755703588957,1773,GameComplete,CHERRY,MATCHED_GAME,15.16.704.6097,1700,30,KR,,True,False
KR_7772134029,1755703236470,1755703254781,1755704775680,1521,GameComplete,CHERRY,MATCHED_GAME,15.16.704.6097,1700,30,KR,,True,False
KR_7772174912,1755705368860,1755705380585,1755707274664,1894,GameComplete,CLASSIC,MATCHED_GAME,15.16.704.6097,420,11,KR,,False,True
KR_7772228911,1755707957457,1755707967796,1755709515253,1547,GameComplete,CLASSIC,MATCHED_GAME,15.16.704.6097,420,11,KR,,False,True
KR_7772272701,1755710613749,1755710651798,1755712119743,1468,GameComplete,CLASSIC,MATCHED_GAME,15.16.704.6097,420,11,KR,,False,True
KR_7772743964,1755758675620,1755758733054,1755760078416,1345,GameComplete,CHERRY,MATCHED_GAME,15.16.704.6097,1700,30,KR,,True,False
KR_7773499923,1755787722987,1755787798783,1755789275792,1477,GameComplete,CHERRY,MATCHED_GAME,15.16.704.6097,1700,30,KR,,True,False
KR_7773556734,1755789695687,1755789712271,1755791133958,1421,GameComplete,CHERRY,MATCHED_GAME,15.16.704.6097,1700,30,KR,,True,False
KR_7773596438,1755791140429,1755791205312,1755792808102,1602,GameComplete,CHERRY,MATCHED_GAME,15.16.704.6097,1700,30,KR,,True,False
KR_7773625998,1755792763135,1755792775900,1755794573682,1797,GameComplete,CLASSIC,MATCHED_GAME,15.16.704.6097,420,11,KR,,True,False
KR_7775213491,1755878859795,1755878933248,1755880327941,1394,GameComplete,CHERRY,MATCHED_GAME,15.16.704.6097,1700,30,KR,,True,False
KR_7775962247,1755930894841,1755930920394,1755932458925,1538,GameComplete,CHERRY,MATCHED_GAME,15.16.706.7476,1700,30,KR,,True,False
KR_7776807199,1755958317416,1755958334266,1755959937005,1602,GameComplete,CHERRY,MATCHED_GAME,15.16.706.7476,1700,30,KR,,True,False
KR_7776968823,1755962871408,1755962885018,1755964908547,2023,GameComplete,CLASSIC,MATCHED_GAME,15.16.706.7476,420,11,KR,,False,True
KR_7777078812,1755966213506,1755966230829,1755968075893,1845,GameComplete,CLASSIC,MATCHED_GAME,15.16.706.7476,420,11,KR,,True,False
KR_7780330745,1756135973008,1756136026424,1756137274483,1248,GameComplete,CHERRY,MATCHED_GAME,15.16.706.7476,1700,30,KR,,True,False
KR_7780382103,1756138264116,1756138277431,1756140022376,1745,GameComplete,CLASSIC,MATCHED_GAME,15.16.706.7476,420,11,KR,,True,False
KR_7781381669,1756211765707,1756211796443,1756213098161,1301,GameComplete,CHERRY,MATCHED_GAME,15.16.706.7476,1700,30,KR,,True,False
KR_7781435602,1756213351126,1756213378141,1756214929842,1551,GameComplete,CHERRY,MATCHED_GAME,15.16.706.7476,1700,30,KR,,True,False
KR_7781665707,1756220414622,1756220432018,1756221382625,950,GameComplete,CLASSIC,MATCHED_GAME,15.16.706.7476,420,11,KR,,True,False
KR_7781711840,1756222255361,1756222270956,1756223737087,1466,GameComplete,CLASSIC,MATCHED_GAME,15.16.706.7476,420,11,KR,,True,False
KR_7781793126,1756225746763,1756225759974,1756227679621,1919,GameComplete,CLASSIC,MATCHED_GAME,15.16.706.7476,420,11,KR,,False,True
KR_7781823958,1756227925812,1756227951499,1756229454735,1503,GameComplete,CHERRY,MATCHED_GAME,15.16.706.7476,1700,30,KR,,True,False
KR_7781860650,1756230754320,1756230767311,1756231678955,911,GameComplete,CLASSIC,MATCHED_GAME,15.16.706.7476,420,11,KR,,True,False
KR_7783590497,1756360739297,1756360750543,1756361105460,355,Abort_TooFewPlayers,PRACTICETOOL,MATCHED_GAME,15.17.706.7412,3140,11,KR,,False,
KR_7783651134,1756363957176,1756363968338,1756364520939,552,Abort_TooFewPlayers,PRACTICETOOL,MATCHED_GAME,15.17.706.7412,3140,11,KR,,False,
KR_7783698666,1756366571503,1756366602640,1756368103800,1501,GameComplete,CHERRY,MATCHED_GAME,15.17.706.7412,1700,30,KR,,True,False
KR_7784223365,1756386181120,1756386262636,1756387696157,1433,GameComplete,CHERRY,MATCHED_GAME,15.17.706.7412,1700,30,KR,,True,False
KR_7784367402,1756389884356,1756389913670,1756391588788,1675,GameComplete,CHERRY,MATCHED_GAME,15.17.706.7412,1700,30,KR,,True,False
KR_7784436878,1756392071421,1756392091784,1756393099799,1008,GameComplete,CLASSIC,MATCHED_GAME,15.17.706.7412,420,11,KR,,True,False
KR_7784499494,1756394015504,1756394028245,1756395447693,1419,GameComplete,CLASSIC,MATCHED_GAME,15.17.706.7412,420,11,KR,,True,False
KR_7784564895,1756396198793,1756396210319,1756396290595,80,Abort_TooFewPlayers,PRACTICETOOL,MATCHED_GAME,15.17.706.7412,3140,11,KR,,False,
KR_7784577394,1756396546025,1756396558237,1756396686475,128,Abort_TooFewPlayers,PRACTICETOOL,MATCHED_GAME,15.17.706.7412,3140,11,KR,,False,
KR_7784592144,1756397324732,1756397341224,1756399061506,1720,GameComplete,CLASSIC,MATCHED_GAME,15.17.706.7412,420,11,KR,,False,True
KR_7784636753,1756399481871,1756399492577,1756399725277,232,Abort_TooFewPlayers,PRACTICETOOL,MATCHED_GAME,15.17.706.7412,3140,11,KR,,False,
KR_7784649879,1756400274011,1756400285954,1756400407709,121,Abort_TooFewPlayers,PRACTICETOOL,MATCHED_GAME,15.17.706.7412,3140,11,KR,,False,
KR_7784657896,1756400803527,1756400814295,1756400878344,64,Abort_TooFewPlayers,PRACTICETOOL,MATCHED_GAME,15.17.706.7412,3140,11,KR,,False,
KR_7784668837,1756401649721,1756401661918,1756402951622,1289,GameComplete,CLASSIC,MATCHED_GAME,15.17.706.7412,420,11,KR,,True,False
KR_7785751949,1756472869492,1756472925129,1756474163371,1238,GameComplete,CHERRY,MATCHED_GAME,15.17.708.2856,1700,30,KR,,True,False
KR_7785980615,1756478154748,1756478165786,1756478383124,217,Abort_TooFewPlayers,PRACTICETOOL,MATCHED_GAME,15.17.708.2856,3140,11,KR,,False,
KR_7786005271,1756478728407,1756478750231,1756480304509,1554,GameComplete,CHERRY,MATCHED_GAME,15.17.708.2856,1700,30,KR,,True,False
KR_7786057664,1756480341507,1756480354250,1756481771055,1417,GameComplete,CLASSIC,MATCHED_GAME,15.17.708.2856,420,11,KR,,True,False
KR_7786131695,1756482070613,1756482081721,1756482183019,101,Abort_TooFewPlayers,PRACTICETOOL,MATCHED_GAME,15.17.708.2856,3140,11,KR,,False,
KR_7786154696,1756482941478,1756482990261,1756484896777,1906,GameComplete,CLASSIC,MATCHED_GAME,15.17.708.2856,420,11,KR,,False,True
KR_7786227977,1756485433676,1756485492854,1756487134427,1641,GameComplete,CLASSIC,MATCHED_GAME,15.17.708.2856,420,11,KR,,False,True
KR_7786357580,1756491418355,1756491429407,1756491648295,218,Abort_TooFewPlayers,PRACTICETOOL,MATCHED_GAME,15.17.708.2856,3140,11,KR,,False,
KR_7786357956,1756491694330,1756491704555,1756491902785,198,Abort_TooFewPlayers,PRACTICETOOL,MATCHED_GAME,15.17.708.2856,3140,11,KR,,False,
KR_7786363766,1756491946434,1756491956107,1756492093358,137,Abort_TooFewPlayers,PRACTICETOOL,MATCHED_GAME,15.17.708.2856,3140,11,KR,,False,
KR_7786370465,1756492213593,1756492224040,1756492313991,90,Abort_TooFewPlayers,PRACTICETOOL,MATCHED_GAME,15.17.708.2856,3140,11,KR,,False,
KR_7790018138,1756658474659,1756658499245,1756659980448,1481,GameComplete,CHERRY,MATCHED_GAME,15.17.708.5788,1700,30,KR,,True,False
KR_7790073239,1756662776517,1756662808982,1756664297589,1488,GameComplete,CHERRY,MATCHED_GAME,15.17.708.5788,1700,30,KR,,True,False
KR_7790780213,1756723850715,1756723871336,1756725183826,1312,GameComplete,CHERRY,MATCHED_GAME,15.17.708.5788,1700,30,KR,,True,False
KR_7790857706,1756726731936,1756726771706,1756728537438,1765,GameComplete,CHERRY,MATCHED_GAME,15.17.708.5788,1700,30,KR,,True,False
KR_7793463167,1756898324132,1756898379812,1756899525256,1145,GameComplete,CLASSIC,MATCHED_GAME,15.17.708.5788,420,11,KR,,True,False
KR_7796584323,1757084347790,1757084368375,1757085736647,1368,GameComplete,CLASSIC,MATCHED_GAME,15.17.708.5788,420,11,KR,,False,True
KR_7796694312,1757087566169,1757087594064,1757089227965,1634,GameComplete,CHERRY,MATCHED_GAME,15.17.708.5788,1700,30,KR,,True,False
KR_7796748178,1757089414729,1757089658589,1757091089123,1430,GameComplete,CHERRY,MATCHED_GAME,15.17.708.5788,1700,30,KR,,True,False
KR_7796799935,1757092153281,1757092186582,1757093360781,1174,GameComplete,CLASSIC,MATCHED_GAME,15.17.708.5788,420,11,KR,,True,False
KR_7797318305,1757136370947,1757136399771,1757136500593,101,GameComplete,CLASSIC,MATCHED_GAME,15.17.708.5788,420,11,KR,,True,False
KR_7798131676,1757164249621,1757164275844,1757165733043,1457,GameComplete,CHERRY,MATCHED_GAME,15.17.708.5788,1700,30,KR,,True,False
KR_7798409344,1757171518314,1757171534234,1757173284770,1750,GameComplete,CLASSIC,MATCHED_GAME,15.17.708.5788,420,11,KR,,False,True
KR_7798511373,1757174511667,1757174577463,1757176202603,1625,GameComplete,CLASSIC,MATCHED_GAME,15.17.708.5788,420,11,KR,,False,True
KR_7798579670,1757177116552,1757177154677,1757178785364,1630,GameComplete,CLASSIC,MATCHED_GAME,15.17.708.5788,420,11,KR,,False,True
KR_7798660398,1757180719830,1757180751723,1757181671447,919,GameComplete,CLASSIC,MATCHED_GAME,15.17.708.5788,420,11,KR,,False,True
KR_7798700269,1757183214606,1757183239353,1757184555229,1316,GameComplete,CLASSIC,MATCHED_GAME,15.17.708.5788,420,11,KR,,True,False
KR_7799904113,1757247907436,1757247942333,1757249495418,1553,GameComplete,CHERRY,MATCHED_GAME,15.17.708.5788,1700,30,KR,,True,False
KR_7799956621,1757249630963,1757249657509,1757251324715,1667,GameComplete,CLASSIC,MATCHED_GAME,15.17.708.5788,420,11,KR,,False,True
KR_7800259728,1757259227589,1757259252633,1757260195537,943,GameComplete,CLASSIC,MATCHED_GAME,15.17.708.5788,420,11,KR,,True,False
KR_7800340103,1757263073756,1757263088010,1757265766875,2679,GameComplete,CLASSIC,MATCHED_GAME,15.17.708.5788,420,11,KR,,True,False
KR_7800410070,1757268965701,1757268987485,1757270200896,1213,GameComplete,CLASSIC,MATCHED_GAME,15.17.708.5788,420,11,KR,,False,True
KR_7801352091,1757338866237,1757339025017,1757340644639,1619,GameComplete,CHERRY,MATCHED_GAME,15.17.708.5788,1700,30,KR,,True,False
KR_7801413028,1757340836573,1757340883033,1757342403004,1520,GameComplete,CHERRY,MATCHED_GAME,15.17.708.5788,1700,30,KR,,True,False
KR_7801460499,1757342624875,1757342649239,1757344246010,1596,GameComplete,CHERRY,MATCHED_GAME,15.17.708.5788,1700,30,KR,,True,False
KR_7801528221,1757345588793,1757345609135,1757347083155,1474,GameComplete,CLASSIC,MATCHED_GAME,15.17.708.5788,420,11,KR,,True,False
KR_7801582199,1757348290070,1757348346527,1757350457068,2110,GameComplete,CLASSIC,MATCHED_GAME,15.17.708.5788,420,11,KR,,False,True
KR_7801651104,1757353593971,1757353703010,1757355034666,1331,GameComplete,CHERRY,MATCHED_GAME,15.17.708.5788,1700,30,KR,,True,False
KR_7802452290,1757420969703,1757420985031,1757422667924,1683,GameComplete,CLASSIC,MATCHED_GAME,15.17.708.5788,420,11,KR,,True,False
KR_7802536455,1757423510648,1757423549310,1757424937550,1388,GameComplete,CHERRY,MATCHED_GAME,15.17.708.5788,1700,30,KR,,True,False
KR_7802673293,1757427837974,1757427855888,1757429222370,1366,GameComplete,CHERRY,MATCHED_GAME,15.17.708.5788,1700,30,KR,,True,False
KR_7802727004,1757429800739,1757429823640,1757430861311,1037,GameComplete,CLASSIC,MATCHED_GAME,15.17.708.5788,420,11,KR,,True,False
KR_7802772160,1757431842307,1757431856946,1757433275804,1419,GameComplete,CLASSIC,MATCHED_GAME,15.17.708.5788,420,11,KR,,True,False
KR_7802814583,1757434160397,1757434188401,1757435608028,1419,GameComplete,CLASSIC,MATCHED_GAME,15.17.708.5788,420,11,KR,,True,False
KR_7802850057,1757436200039,1757436229618,1757437390611,1161,GameComplete,CLASSIC,MATCHED_GAME,15.17.708.5788,420,11,KR,,False,True
KR_7802876376,1757438501278,1757438560457,1757439799308,1239,GameComplete,CLASSIC,MATCHED_GAME,15.17.708.5788,420,11,KR,,True,False
KR_7805183938,1757599067791,1757599093676,1757600771774,1678,GameComplete,CHERRY,MATCHED_GAME,15.18.710.2811,1700,30,KR,,True,False
KR_7805263050,1757601170754,1757601196877,1757602696154,1499,GameComplete,CHERRY,MATCHED_GAME,15.18.710.2811,1700,30,KR,,True,False
KR_7805316597,1757603316887,1757603347972,1757604741409,1393,GameComplete,CLASSIC,MATCHED_GAME,15.18.710.2811,420,11,KR,,False,True
KR_7805384817,1757606081575,1757606121814,1757607754143,1632,GameComplete,CLASSIC,MATCHED_GAME,15.18.710.2811,420,11,KR,,False,True
KR_7805435642,1757608785634,1757608821479,1757611307683,2486,GameComplete,CLASSIC,MATCHED_GAME,15.18.710.2811,420,11,KR,,False,True
KR_7805499358,1757612970221,1757613011642,1757614639840,1628,GameComplete,CLASSIC,MATCHED_GAME,15.18.710.2811,420,11,KR,,True,False
KR_7806577625,1757684309091,1757684322405,1757685741520,1419,GameComplete,CLASSIC,MATCHED_GAME,15.18.710.2811,420,11,KR,,True,False
KR_7806815627,1757690399131,1757690412910,1757692016312,1603,GameComplete,CLASSIC,MATCHED_GAME,15.18.710.2811,420,11,KR,,False,True
KR_7806934322,1757693919903,1757694163244,1757695616336,1454,GameComplete,CHERRY,MATCHED_GAME,15.18.710.2811,1700,30,KR,,True,False
KR_7806984310,1757695882510,1757695903787,1757697345092,1441,GameComplete,CHERRY,MATCHED_GAME,15.18.710.2811,1700,30,KR,,True,False
KR_7807007974,1757697511854,1757697535321,1757699211773,1676,GameComplete,CLASSIC,MATCHED_GAME,15.18.710.2811,420,11,KR,,False,True
KR_7807052687,1757699831299,1757699844817,1757701699680,1855,GameComplete,CLASSIC,MATCHED_GAME,15.18.710.2811,420,11,KR,,True,False
KR_7808219654,1757766471343,1757766490125,1757767912643,1422,GameComplete,CHERRY,MATCHED_GAME,15.18.710.2811,1700,30,KR,,True,False
KR_7808378205,1757770591235,1757770665211,1757772126128,1461,GameComplete,CHERRY,MATCHED_GAME,15.18.710.2811,1700,30,KR,,True,False
KR_7808589076,1757776181763,1757776215289,1757778213385,1998,GameComplete,CLASSIC,MATCHED_GAME,15.18.710.2811,420,11,KR,,True,False
KR_7808755194,1757781398311,1757781424161,1757782864223,1440,GameComplete,CLASSIC,MATCHED_GAME,15.18.710.2811,420,11,KR,,True,False
KR_7809887199,1757847727914,1757847751517,1757849555899,1804,GameComplete,CLASSIC,MATCHED_GAME,15.18.710.2811,420,11,KR,,False,True
KR_7812983511,1758037429748,1758037458133,1758038804579,1346,GameComplete,CLASSIC,MATCHED_GAME,15.18.710.2811,420,11,KR,,False,True
KR_7813012807,1758039182268,1758039195258,1758040787880,1592,GameComplete,CLASSIC,MATCHED_GAME,15.18.710.2811,420,11,KR,,False,True
KR_7813048255,1758041254605,1758041280760,1758042875024,1594,GameComplete,CLASSIC,MATCHED_GAME,15.18.710.2811,420,11,KR,,False,True
KR_7814259957,1758123958759,1758123972910,1758125406175,1433,GameComplete,CLASSIC,MATCHED_GAME,15.18.710.2811,420,11,KR,,True,False
KR_7814313545,1758126708306,1758126738871,1758128552746,1814,GameComplete,CLASSIC,MATCHED_GAME,15.18.710.2811,420,11,KR,,True,False
KR_7814349616,1758129494562,1758129506719,1758130425070,918,GameComplete,CLASSIC,MATCHED_GAME,15.18.710.2811,420,11,KR,,False,True
KR_7816733991,1758293027577,1758293076452,1758293990330,914,GameComplete,CLASSIC,MATCHED_GAME,15.18.710.2811,420,11,KR,,True,False
KR_7816794932,1758294773380,1758294785456,1758295702582,917,GameComplete,CLASSIC,MATCHED_GAME,15.18.710.2811,420,11,KR,,True,False
KR_7816931606,1758299109820,1758299123237,1758301043546,1920,GameComplete,CLASSIC,MATCHED_GAME,15.18.710.2811,420,11,KR,,True,False
KR_7817016103,1758302867216,1758302911329,1758304463348,1552,GameComplete,CLASSIC,MATCHED_GAME,15.18.710.2811,420,11,KR,,False,True
KR_7818641248,1758385591152,1758385604313,1758387342696,1738,GameComplete,CLASSIC,MATCHED_GAME,15.18.710.2811,420,11,KR,,False,True
KR_7818745957,1758390495463,1758390515802,1758391994451,1478,GameComplete,CHERRY,MATCHED_GAME,15.18.710.2811,1700,30,KR,,True,False
KR_7850998706,1759659423575,1759659446623,1759660864431,1418,GameComplete,CLASSIC,MATCHED_GAME,15.19.715.1836,420,11,KR,,True,False
KR_7851145201,1759663355730,1759663369194,1759664340967,972,GameComplete,CLASSIC,MATCHED_GAME,15.19.715.1836,420,11,KR,,False,True
KR_7851225074,1759665352323,1759665378056,1759666347315,969,GameComplete,CLASSIC,MATCHED_GAME,15.19.715.1836,420,11,KR,,False,True
KR_7851300813,1759667275216,1759667294034,1759668633938,1340,GameComplete,CLASSIC,MATCHED_GAME,15.19.715.1836,420,11,KR,,False,True
KR_7851809754,1759678897774,1759678912880,1759680340216,1427,GameComplete,CLASSIC,MATCHED_GAME,15.19.715.1836,420,11,KR,,True,False
KR_7851903870,1759681736628,1759681787373,1759683924992,2137,GameComplete,CLASSIC,MATCHED_GAME,15.19.715.1836,420,11,KR,,True,False
KR_7852025214,1759686106191,1759686124697,1759687515876,1391,GameComplete,CHERRY,MATCHED_GAME,15.19.715.1836,1700,30,KR,,True,False
KR_7853949039,1759763293775,1759763310187,1759764446515,1136,GameComplete,CLASSIC,MATCHED_GAME,15.19.715.1836,420,11,KR,,True,False
KR_7854091325,1759767055027,1759767133791,1759768168392,1034,GameComplete,CLASSIC,MATCHED_GAME,15.19.715.1836,420,11,KR,,False,True
KR_7854155054,1759769038918,1759769113036,1759771069337,1956,GameComplete,CLASSIC,MATCHED_GAME,15.19.715.1836,420,11,KR,,False,True
KR_7854217940,1759771678097,1759771693740,1759773042586,1349,GameComplete,CLASSIC,MATCHED_GAME,15.19.715.1836,420,11,KR,,True,False
KR_7855800422,1759841296295,1759841313075,1759842895508,1582,GameComplete,CLASSIC,MATCHED_GAME,15.19.715.1836,420,11,KR,,True,False
KR_7855895357,1759843207225,1759843223278,1759844532662,1309,GameComplete,CHERRY,MATCHED_GAME,15.19.715.1836,1700,30,KR,,True,False
KR_7856196441,1759849976783,1759850015070,1759850930626,915,GameComplete,CLASSIC,MATCHED_GAME,15.19.715.1836,420,11,KR,,False,True
KR_7856281659,1759852051565,1759852067073,1759853489492,1422,GameComplete,CLASSIC,MATCHED_GAME,15.19.715.1836,420,11,KR,,True,False
KR_7856357576,1759854016054,1759854034182,1759855663956,1630,GameComplete,CLASSIC,MATCHED_GAME,15.19.715.1836,420,11,KR,,True,False
KR_7856448015,1759856618574,1759856699827,1759858376024,1676,GameComplete,CLASSIC,MATCHED_GAME,15.19.715.1836,420,11,KR,,True,False
KR_7857352690,1759909423943,1759909464611,1759910909635,1445,GameComplete,CHERRY,MATCHED_GAME,15.20.717.2831,1700,30,KR,,True,False
KR_7858019563,1759928620598,1759928656925,1759930346309,1689,GameComplete,CLASSIC,MATCHED_GAME,15.20.717.2831,420,11,KR,,True,False
KR_7858151244,1759931449275,1759931464058,1759933337108,1873,GameComplete,CLASSIC,MATCHED_GAME,15.20.717.2831,420,11,KR,,True,False
KR_7858254806,1759933867544,1759933882789,1759935174088,1291,GameComplete,CLASSIC,MATCHED_GAME,15.20.717.2831,420,11,KR,,True,False
